a,b,w,h,nombre_imagen,cluster_label
0.0,0.6604900360107422,0.1757348030805587,0.7879199385643005,1003,4
0.6170262694358826,0.0024985997006297,0.8069959282875061,0.9781817197799684,1003,9
0.4516129032258064,0.8717391304347826,0.5580645161290323,1.0,1003,12
0.1919354838709677,0.841304347826087,0.3338709677419355,1.0,1003,4
0.0,0.8130434782608695,0.182258064516129,1.0,1003,13
0.3838709677419354,0.8065217391304348,0.5338709677419354,0.9869565217391304,1003,9
0.4661290322580645,0.758695652173913,0.55,0.8804347826086957,1003,2
0.0,0.5847826086956521,0.1887096774193548,0.7847826086956522,1003,0
0.0435483870967741,0.3,0.132258064516129,0.4239130434782608,1003,13
0.8919354838709678,0.1152173913043478,1.0,0.6195652173913043,1003,5
0.8467741935483871,0.1065217391304347,1.0,0.6978260869565217,1003,0
0.6241935483870967,0.0,0.8758064516129033,1.0,1003,2
0.7467741935483871,0.0,0.8403225806451613,0.7369565217391304,1003,5
0.1380145102739334,0.2734997868537903,0.997788667678833,0.9781211614608764,1014,2
0.1109266132116317,0.2988937795162201,0.28178271651268,0.5551819801330566,1014,13
0.7403225806451613,0.8652173913043478,0.9112903225806452,0.9760869565217392,1014,12
0.7322580645161291,0.8282608695652174,0.9258064516129032,0.9456521739130436,1014,9
0.6435483870967742,0.8043478260869565,0.920967741935484,0.9586956521739132,1014,2
0.2161290322580645,0.6434782608695652,0.5258064516129032,0.8586956521739131,1014,7
0.1532258064516129,0.6086956521739131,0.5483870967741935,1.0,1014,9
0.2758064516129032,0.5239130434782608,0.9758064516129032,0.917391304347826,1014,2
0.1354838709677419,0.5021739130434782,0.9403225806451612,0.9869565217391304,1014,9
0.3225806451612903,0.4369565217391304,0.9661290322580646,0.7260869565217392,1014,7
0.332258064516129,0.4282608695652174,0.7274193548387097,0.5478260869565217,1014,9
0.5193548387096775,0.2782608695652174,0.8258064516129032,0.3869565217391304,1014,9
0.3548387096774194,0.0239130434782608,0.4580645161290322,0.2326086956521739,1014,5
0.1483870967741935,0.0065217391304347,0.2580645161290322,0.2978260869565217,1014,5
0.35,0.0043478260869565,0.4612903225806452,0.1543478260869565,1014,4
0.7864540219306946,0.4546776115894317,0.927360773086548,0.7275761961936951,1015,12
0.7888165712356567,0.7142443060874939,0.9994414448738098,0.9870787262916564,1015,9
0.0477022416889667,0.0025575347244739,0.2186525464057922,0.4615587592124939,1015,13
0.8225806451612904,0.8695652173913043,0.9387096774193548,1.0,1015,0
0.782258064516129,0.7065217391304348,1.0,1.0,1015,12
0.3403225806451613,0.5565217391304348,0.4483870967741935,0.7565217391304347,1015,8
0.7467741935483871,0.5434782608695652,0.9161290322580644,0.7043478260869566,1015,7
0.5516129032258065,0.217391304347826,0.6935483870967742,0.4847826086956521,1015,8
0.5419354838709678,0.1695652173913043,0.7387096774193549,0.5847826086956521,1015,8
0.7951612903225806,0.1413043478260869,0.9419354838709676,0.4478260869565217,1015,8
0.5419354838709678,0.1413043478260869,0.8064516129032258,0.6304347826086957,1015,9
0.9048387096774192,0.0,0.9983870967741936,0.7282608695652174,1015,5
0.55,0.0,0.7532258064516129,0.1739130434782608,1015,8
0.0709677419354838,0.0,0.2129032258064516,0.4260869565217391,1015,13
0.0403225806451612,0.0,0.2161290322580645,0.458695652173913,1015,13
0.0195510871708393,0.5435276031494141,0.56617271900177,0.9885441064834596,1020,11
0.5494766235351562,0.5331290364265442,0.9981178641319276,0.9867191314697266,1020,2
0.603225806451613,0.8760869565217392,0.6935483870967742,1.0,1020,14
0.15,0.8739130434782608,0.3096774193548387,0.9891304347826086,1020,11
0.5919354838709677,0.8369565217391305,0.7709677419354839,1.0,1020,12
0.214516129032258,0.8043478260869565,0.5016129032258064,1.0,1020,7
0.5580645161290323,0.7652173913043478,0.646774193548387,0.9065217391304348,1020,12
0.0903225806451612,0.5782608695652174,0.4709677419354838,0.8130434782608695,1020,13
0.3080645161290322,0.5478260869565217,0.55,0.6695652173913044,1020,12
0.5516129032258065,0.532608695652174,1.0,0.6739130434782609,1020,2
0.8725806451612903,0.1152173913043478,1.0,0.6521739130434783,1020,5
0.0,0.0956521739130434,0.1177419354838709,0.558695652173913,1020,13
0.5221232771873474,0.4162766933441162,0.9977487921714784,0.985818326473236,1021,2
0.0079502705484628,0.5680015087127686,0.1062521263957023,0.9707328677177428,1021,4
0.182826817035675,0.7555657625198364,0.3555730581283569,0.9001710414886475,1021,11
0.0010989665752276,0.692661464214325,0.4032506048679352,0.9901655912399292,1021,4
0.7790322580645161,0.7565217391304347,0.8774193548387097,0.908695652173913,1021,12
0.1193548387096774,0.7565217391304347,0.35,1.0,1021,9
0.5451612903225806,0.7152173913043478,0.6483870967741936,0.8978260869565218,1021,8
0.5629032258064516,0.6130434782608696,0.7096774193548387,0.9456521739130436,1021,2
0.714516129032258,0.4804347826086956,0.8709677419354839,0.5956521739130435,1021,12
0.5806451612903226,0.4739130434782608,0.7306451612903225,0.6065217391304348,1021,7
0.5193548387096775,0.4260869565217391,0.6758064516129032,0.6065217391304348,1021,14
0.6758064516129032,0.2739130434782608,1.0,0.4456521739130434,1021,2
0.132258064516129,0.2391304347826087,0.2580645161290322,0.4869565217391304,1021,8
0.0,0.0108695652173913,0.114516129032258,0.782608695652174,1021,6
0.2444334179162979,0.5296750068664551,0.4170736372470855,0.8240006566047668,1023,9
0.1997980177402496,0.515171468257904,0.4938144385814667,0.793123722076416,1023,7
0.3952189683914184,0.5160014033317566,0.4926121830940246,0.7823429107666016,1023,11
0.0005660057067871,0.5099649429321289,0.2087295055389404,0.9867854118347168,1023,11
0.0006343841669149,0.5096691250801086,0.2092625796794891,0.9854946732521056,1023,11
0.7387096774193549,0.6304347826086957,0.8451612903225807,0.9695652173913044,1023,2
0.2548387096774193,0.5978260869565217,0.5370967741935484,0.8217391304347826,1023,7
0.3903225806451613,0.5065217391304347,0.5403225806451613,0.6239130434782608,1023,2
0.2064516129032258,0.2826086956521739,0.5290322580645161,0.717391304347826,1023,8
0.1564516129032258,0.2826086956521739,0.2548387096774193,0.4434782608695652,1023,13
0.0080645161290322,0.0434782608695652,0.1370967741935483,0.2195652173913043,1023,5
0.0016422271728515,0.7120328545570374,0.4736382663249969,0.9924246668815612,1026,9
0.7972918152809143,0.4841015934944153,0.9997003078460692,0.988935112953186,1026,2
0.2032258064516129,0.7652173913043478,0.4725806451612903,1.0,1026,0
0.7983870967741935,0.6043478260869565,0.9516129032258064,1.0,1026,12
0.8193548387096774,0.4869565217391304,1.0,0.6108695652173913,1026,12
0.6419354838709678,0.1304347826086956,0.7806451612903226,0.5347826086956522,1026,5
0.1209677419354838,0.0847826086956521,0.2758064516129032,0.3652173913043478,1026,6
0.1032258064516129,0.067391304347826,0.2806451612903226,0.3934782608695652,1026,6
0.2935483870967741,0.017391304347826,0.6016129032258064,0.8913043478260869,1026,9
0.445530891418457,0.2040863186120987,0.9984485507011414,0.9853463172912598,1027,9
0.0903225806451612,0.7717391304347826,0.2435483870967742,0.8956521739130435,1027,14
0.5129032258064516,0.7239130434782609,0.6693548387096774,1.0,1027,7
0.3258064516129032,0.7195652173913043,0.4403225806451613,0.8652173913043478,1027,9
0.1741935483870967,0.6891304347826087,0.3419354838709677,0.8847826086956522,1027,7
0.5161290322580645,0.6673913043478261,0.6693548387096774,0.8934782608695652,1027,7
0.4951612903225806,0.6521739130434783,0.6935483870967742,0.967391304347826,1027,2
0.632258064516129,0.4891304347826087,0.9806451612903224,1.0,1027,2
0.6516129032258065,0.4,0.8790322580645161,0.5304347826086957,1027,9
0.8112903225806452,0.3847826086956522,0.9612903225806452,0.5,1027,8
0.4516129032258064,0.2,0.885483870967742,0.7260869565217392,1027,2
0.0193548387096774,0.0,0.164516129032258,0.7978260869565217,1027,4
0.0016288757324218,0.656387984752655,0.4139382541179657,0.9897525906562804,1028,13
0.5952031016349792,0.4299532771110534,0.7060450315475464,0.7290732860565186,1028,7
0.6997105479240417,0.4528760612010956,0.853538453578949,0.6992194652557373,1028,7
0.8697195649147034,0.4592875838279724,0.9995611310005188,0.9740087389945984,1028,12
0.8,0.741304347826087,0.896774193548387,0.8565217391304348,1028,2
0.2274193548387096,0.7326086956521739,0.3967741935483871,1.0,1028,4
0.6870967741935484,0.6891304347826087,0.8048387096774193,0.8782608695652174,1028,12
0.5951612903225807,0.558695652173913,0.8129032258064516,0.6956521739130435,1028,2
0.3370967741935484,0.5195652173913043,0.5661290322580645,0.6695652173913044,1028,14
0.8758064516129033,0.5130434782608696,1.0,0.758695652173913,1028,2
0.7516129032258064,0.4695652173913043,0.853225806451613,0.691304347826087,1028,2
0.6129032258064516,0.4326086956521739,0.7016129032258065,0.5565217391304348,1028,4
0.2838709677419355,0.2891304347826087,0.5887096774193549,0.6369565217391304,1028,14
0.0,0.0869565217391304,0.2693548387096774,0.7065217391304348,1028,14
0.1951612903225806,0.0695652173913043,0.3758064516129032,0.9804347826086957,1028,5
0.5575815439224243,0.3440523147583008,0.9985042214393616,0.7151039242744446,1029,2
0.2660350799560547,0.5367972254753113,0.361581802368164,0.7730032801628113,1029,7
0.0349802710115909,0.3668895959854126,0.1667048335075378,0.6870340704917908,1029,13
0.0003972649574279,0.3567791283130646,0.1777250468730926,0.6735411286354065,1029,13
0.785483870967742,0.7478260869565218,0.9741935483870968,0.8782608695652174,1029,12
0.5758064516129032,0.5521739130434783,0.6741935483870968,0.6847826086956522,1029,0
0.2693548387096774,0.5369565217391304,0.3612903225806451,0.7717391304347826,1029,7
0.8709677419354839,0.5195652173913043,1.0,0.6434782608695652,1029,12
0.6048387096774194,0.4630434782608695,0.8838709677419355,0.6043478260869565,1029,9
0.9016129032258065,0.2652173913043478,1.0,0.4456521739130434,1029,9
0.646774193548387,0.058695652173913,0.8064516129032258,0.2847826086956522,1029,5
0.014516129032258,0.0,0.2419354838709677,0.4891304347826087,1029,4
0.0177419354838709,0.0,0.1629032258064516,0.3760869565217391,1029,4
0.3804426193237304,0.3123539686203003,0.989981472492218,0.7999331951141357,1032,2
0.1530077010393142,0.4091371893882751,0.2727339565753937,0.7946068048477173,1032,11
0.0009123325580731,0.4595885872840881,0.2520605325698852,0.9853320717811584,1032,11
0.5709677419354838,0.7304347826086957,0.8048387096774193,0.8652173913043478,1032,9
0.5258064516129032,0.5826086956521739,0.9016129032258065,0.782608695652174,1032,12
0.3903225806451613,0.5760869565217391,0.5096774193548387,0.7782608695652173,1032,4
0.0435483870967741,0.5108695652173914,0.2,0.7195652173913043,1032,11
0.0,0.4565217391304347,0.1435483870967742,0.5869565217391305,1032,13
0.4709677419354838,0.4521739130434782,0.5790322580645161,0.8108695652173913,1032,2
0.6,0.3782608695652174,0.9451612903225808,0.6304347826086957,1032,7
0.3838709677419354,0.3782608695652174,0.4758064516129032,0.5217391304347826,1032,9
0.8129032258064516,0.3260869565217391,0.9870967741935484,0.4847826086956521,1032,9
0.3693548387096774,0.0,0.4967741935483871,0.3869565217391304,1032,6
0.2,0.0,0.3483870967741935,0.6478260869565218,1032,4
0.3872027099132538,0.2714717090129852,0.587228000164032,0.7223963141441345,1034,7
0.4080645161290323,0.5260869565217391,0.4919354838709677,0.717391304347826,1034,9
0.6080645161290322,0.3804347826086957,1.0,0.6239130434782608,1034,2
0.7693548387096775,0.3695652173913043,0.935483870967742,0.5195652173913043,1034,2
0.55,0.2891304347826087,0.646774193548387,0.5282608695652173,1034,9
0.0,0.2760869565217391,0.4,0.75,1034,11
0.25,0.0978260869565217,0.5161290322580645,0.3695652173913043,1034,5
0.1758064516129032,0.0804347826086956,0.5741935483870968,0.3739130434782609,1034,5
0.0002581596490927,0.3472859263420105,0.4762168526649475,0.7747725248336792,1040,4
0.6481761336326599,0.3857921957969665,0.862991213798523,0.862958550453186,1040,7
0.5355050563812256,0.0659739971160888,0.9357182383537292,0.2124340981245041,1040,5
0.3467741935483871,0.8847826086956522,0.4387096774193548,1.0,1040,13
0.0,0.8717391304347826,0.0919354838709677,0.9891304347826086,1040,1
0.8580645161290322,0.8369565217391305,0.9467741935483872,0.95,1040,7
0.1548387096774193,0.7086956521739131,0.6903225806451613,1.0,1040,7
0.0709677419354838,0.7021739130434783,0.4129032258064516,1.0,1040,11
0.0,0.6695652173913044,0.1274193548387096,0.8434782608695652,1040,10
0.6209677419354839,0.5347826086956522,0.7451612903225806,0.8717391304347826,1040,2
0.8258064516129032,0.4869565217391304,0.9064516129032258,0.7108695652173913,1040,9
0.1435483870967742,0.4847826086956521,0.2774193548387096,0.6347826086956522,1040,9
0.0854838709677419,0.3630434782608696,0.3193548387096774,0.4717391304347826,1040,13
0.7903225806451613,0.2760869565217391,0.9032258064516128,0.4760869565217391,1040,12
0.5177419354838709,0.208695652173913,0.9193548387096774,0.4130434782608695,1040,2
0.6774193548387096,0.0630434782608695,0.7580645161290323,0.2130434782608695,1040,8
0.5919354838709677,0.0413043478260869,0.9370967741935484,0.208695652173913,1040,5
0.3387096774193548,0.0,0.5096774193548387,0.408695652173913,1040,5
0.5790998339653015,0.4442023038864136,0.8980903625488281,0.9861733317375184,1043,13
0.5762077569961548,0.3300442993640899,0.9991021752357484,0.9841054677963256,1043,6
0.2096774193548387,0.8260869565217391,0.5693548387096774,1.0,1043,12
0.2645161290322581,0.7869565217391304,0.5629032258064516,0.9282608695652174,1043,9
0.0193548387096774,0.6934782608695652,0.1032258064516129,0.917391304347826,1043,4
0.882258064516129,0.6543478260869565,1.0,0.7956521739130434,1043,9
0.5709677419354838,0.6391304347826087,0.8032258064516129,0.8804347826086957,1043,2
0.1661290322580645,0.5652173913043478,0.5790322580645161,0.7065217391304348,1043,12
0.2370967741935483,0.5152173913043478,0.3274193548387096,0.6434782608695652,1043,4
0.3290322580645161,0.4869565217391304,0.4661290322580645,0.6304347826086957,1043,14
0.5870967741935483,0.4847826086956521,0.8419354838709677,0.8173913043478261,1043,13
0.5758064516129032,0.4434782608695652,0.8951612903225806,0.6434782608695652,1043,2
0.6951612903225807,0.3760869565217391,0.8,0.4891304347826087,1043,12
0.255296915769577,0.238473892211914,0.7538111209869385,0.7560713291168213,1045,8
0.3548387096774194,0.7347826086956522,0.4790322580645161,0.9108695652173912,1045,9
0.0,0.7152173913043478,0.1887096774193548,1.0,1045,4
0.2725806451612903,0.5043478260869565,0.3758064516129032,0.6326086956521739,1045,4
0.3693548387096774,0.4760869565217391,0.6709677419354839,0.7804347826086957,1045,2
0.0,0.458695652173913,0.2096774193548387,0.6304347826086957,1045,13
0.2016129032258064,0.4130434782608695,0.3193548387096774,0.6043478260869565,1045,8
0.896774193548387,0.3847826086956522,1.0,0.6847826086956522,1045,9
0.2209677419354838,0.3695652173913043,0.3919354838709677,0.5,1045,13
0.0870967741935483,0.1891304347826087,0.1887096774193548,0.3391304347826087,1045,5
0.2693548387096774,0.1782608695652174,0.3612903225806451,0.3043478260869565,1045,5
0.7435483870967742,0.1043478260869565,0.896774193548387,0.841304347826087,1045,14
0.0048387096774193,0.0391304347826087,0.1693548387096774,0.2065217391304347,1045,13
0.4370967741935483,0.0130434782608695,0.5451612903225806,0.1391304347826087,1045,5
0.6129032258064516,0.0,0.7548387096774194,0.3652173913043478,1045,5
0.2370967741935483,0.0,0.6,0.1913043478260869,1045,5
0.0020195960532873,0.5246610641479492,0.2965903580188751,0.9832251071929932,1047,12
0.032258064516129,0.8130434782608695,0.114516129032258,0.9391304347826088,1047,13
0.0516129032258064,0.7021739130434783,0.2193548387096774,1.0,1047,13
0.0064516129032258,0.6826086956521739,0.1983870967741935,1.0,1047,11
0.1580645161290322,0.6434782608695652,0.2645161290322581,0.85,1047,11
0.8903225806451613,0.5195652173913043,1.0,0.7260869565217392,1047,12
0.4193548387096774,0.4456521739130434,0.9338709677419356,0.6304347826086957,1047,8
0.114516129032258,0.2956521739130435,0.3596774193548387,1.0,1047,7
0.146774193548387,0.2826086956521739,0.3419354838709677,0.5260869565217391,1047,4
0.1193548387096774,0.217391304347826,0.2790322580645161,0.5434782608695652,1047,11
0.3483870967741935,0.208695652173913,0.4758064516129032,0.4739130434782608,1047,5
0.635483870967742,0.1326086956521739,0.817741935483871,0.3195652173913043,1047,5
0.5838709677419355,0.0,0.8580645161290322,0.2760869565217391,1047,5
0.2064516129032258,0.0,0.3016129032258065,0.2347826086956521,1047,5
0.1112903225806451,0.0,0.1919354838709677,0.2195652173913043,1047,5
0.3640419840812683,0.2245744466781616,0.6241347193717957,0.619452714920044,1048,9
0.0009324789280071,0.0263033267110586,0.195984810590744,0.7973264455795288,1048,13
0.4735469222068786,0.3521450757980346,0.8904335498809814,0.9761853218078612,1048,2
0.8435483870967742,0.6347826086956522,1.0,0.95,1048,12
0.7451612903225806,0.5347826086956522,0.8661290322580645,0.9239130434782608,1048,7
0.1725806451612903,0.5130434782608696,0.4096774193548387,0.6239130434782608,1048,3
0.0,0.4369565217391304,0.1290322580645161,0.5608695652173913,1048,6
0.3564516129032258,0.4,0.4435483870967742,0.5260869565217391,1048,8
0.3677419354838709,0.3608695652173913,0.8080645161290323,0.8826086956521739,1048,2
0.0,0.3608695652173913,0.1790322580645161,0.5195652173913043,1048,13
0.3435483870967742,0.2826086956521739,0.5935483870967742,0.4108695652173913,1048,6
0.5790322580645161,0.2239130434782608,0.682258064516129,0.3608695652173913,1048,7
0.3209677419354839,0.0043478260869565,0.5870967741935483,0.2913043478260869,1048,4
0.7129032258064516,0.0,0.7951612903225806,0.3282608695652174,1048,5
0.3403225806451613,0.0,0.5790322580645161,0.2304347826086956,1048,5
0.0811929702758789,0.3686588108539581,0.9097025394439696,0.9263262152671814,1052,2
0.0842905566096305,0.866537868976593,0.4875747561454773,1.0,1052,4
0.0854838709677419,0.8673913043478261,0.3451612903225806,1.0,1052,4
0.1887096774193548,0.75,0.85,0.9021739130434784,1052,2
0.0887096774193548,0.6869565217391305,0.8612903225806452,0.915217391304348,1052,8
0.0209677419354838,0.5673913043478261,0.1048387096774193,0.717391304347826,1052,11
0.114516129032258,0.458695652173913,0.2096774193548387,0.658695652173913,1052,4
0.0338709677419354,0.3543478260869565,0.832258064516129,0.6695652173913044,1052,12
0.7580645161290323,0.3173913043478261,0.8758064516129033,0.4326086956521739,1052,4
0.853225806451613,0.3021739130434782,0.9370967741935484,0.917391304347826,1052,2
0.8774193548387097,0.2021739130434782,0.9741935483870968,0.6891304347826087,1052,12
0.2048387096774193,0.1195652173913043,0.4854838709677419,0.2326086956521739,1052,13
0.1935483870967742,0.0456521739130434,0.6209677419354839,0.2760869565217391,1052,5
0.3148411512374878,0.4227832853794098,0.4386450350284576,0.6629918813705444,1054,0
0.3898598551750183,0.4177945554256439,0.5694064497947693,0.8221164345741272,1054,9
0.060143619775772,0.4013685286045074,0.2663709819316864,0.7408773303031921,1054,11
0.2290322580645161,0.8695652173913043,0.3306451612903225,1.0,1054,0
0.1532258064516129,0.7934782608695652,0.2741935483870967,0.9978260869565218,1054,11
0.5532258064516129,0.7717391304347826,0.6435483870967742,0.9608695652173912,1054,2
0.4451612903225806,0.7565217391304347,0.5580645161290323,1.0,1054,0
0.214516129032258,0.4195652173913043,0.382258064516129,0.5826086956521739,1054,9
0.2064516129032258,0.3760869565217391,0.532258064516129,0.6608695652173913,1054,14
0.0435483870967741,0.1978260869565217,0.4612903225806452,0.3782608695652174,1054,11
0.1838709677419354,0.1478260869565217,0.2935483870967741,0.258695652173913,1054,8
0.7806451612903226,0.0217391304347826,0.8709677419354839,0.4456521739130434,1054,5
0.4274193548387097,0.0,0.8193548387096774,1.0,1054,12
0.7127285003662109,0.0713947713375091,0.999338150024414,0.8610325455665588,1055,12
0.1758064516129032,0.8478260869565217,0.5016129032258064,0.9760869565217392,1055,7
0.2532258064516129,0.7521739130434782,0.6451612903225806,0.8673913043478261,1055,7
0.3370967741935484,0.7478260869565218,0.5870967741935483,0.8586956521739131,1055,9
0.3548387096774194,0.6369565217391304,0.5145161290322581,0.7934782608695652,1055,12
0.1274193548387096,0.6347826086956522,0.2177419354838709,0.7608695652173914,1055,13
0.7241935483870968,0.4739130434782608,0.9758064516129032,0.7326086956521739,1055,2
0.0806451612903225,0.3869565217391304,0.3290322580645161,0.7521739130434782,1055,13
0.7306451612903225,0.3195652173913043,0.8419354838709677,0.4891304347826087,1055,9
0.2967741935483871,0.2630434782608695,0.4274193548387097,0.5260869565217391,1055,8
0.7274193548387097,0.2521739130434782,0.8467741935483871,0.4847826086956521,1055,0
0.0,0.2195652173913043,0.1241935483870967,0.9043478260869564,1055,13
0.3790322580645161,0.2021739130434782,0.5854838709677419,0.3239130434782609,1055,5
0.2790322580645161,0.2021739130434782,0.5790322580645161,0.3282608695652174,1055,13
0.0,0.1782608695652174,0.2596774193548387,1.0,1055,13
0.5758064516129032,0.0760869565217391,0.8306451612903226,0.6956521739130435,1055,2
0.7338709677419355,0.0652173913043478,0.9467741935483872,0.2021739130434782,1055,14
0.2274193548387096,0.0521739130434782,0.4451612903225806,0.4739130434782608,1055,5
0.3959759771823883,0.4005018770694732,0.6446734666824341,0.8614127039909363,1058,12
0.3186574280261993,0.2088309377431869,0.9679595828056335,0.7334374189376831,1058,12
0.8935664296150208,0.3166718482971191,0.9997416734695436,0.5682216882705688,1058,2
0.8696082234382629,0.5656235218048096,0.9686084389686584,0.7077948451042175,1058,12
0.0209677419354838,0.8043478260869565,0.3935483870967742,0.9347826086956522,1058,14
0.8370967741935483,0.7739130434782608,0.9951612903225806,0.9478260869565216,1058,9
0.8290322580645161,0.741304347826087,0.9951612903225806,0.932608695652174,1058,12
0.7080645161290322,0.6891304347826087,0.9967741935483873,1.0,1058,12
0.132258064516129,0.6826086956521739,0.4080645161290323,0.8130434782608695,1058,14
0.0387096774193548,0.6717391304347826,0.4645161290322581,0.932608695652174,1058,11
0.8693548387096774,0.5804347826086956,0.9612903225806452,0.7043478260869566,1058,12
0.332258064516129,0.4456521739130434,0.4161290322580645,0.6739130434782609,1058,11
0.4161290322580645,0.4,0.7064516129032258,0.5130434782608696,1058,12
0.3290322580645161,0.3739130434782609,0.7209677419354839,0.8,1058,12
0.7564516129032258,0.3434782608695652,0.8725806451612903,0.7391304347826086,1058,12
0.0564516129032258,0.2739130434782608,0.2258064516129032,0.6130434782608696,1058,11
0.8483870967741935,0.2413043478260869,1.0,0.7478260869565218,1058,2
0.1854838709677419,0.1934782608695652,0.4403225806451613,0.4934782608695652,1058,5
0.8225806451612904,0.0478260869565217,0.9370967741935484,0.7478260869565218,1058,7
0.5338709677419354,0.0391304347826087,0.6548387096774193,0.2804347826086956,1058,5
0.8403225806451613,0.0,1.0,0.9130434782608696,1058,8
0.8354838709677419,0.0,0.9580645161290322,0.741304347826087,1058,4
0.832258064516129,0.0,0.9532258064516128,0.7391304347826086,1058,2
0.7677419354838709,0.0,0.9338709677419356,0.1434782608695652,1058,5
0.2596774193548387,0.0,0.6016129032258064,0.1956521739130435,1058,5
0.0013717651600018,0.5992079377174377,0.4271142184734344,0.986002802848816,1065,13
0.7104552388191223,0.0299140606075525,0.834936797618866,0.1963759362697601,1065,5
0.25,0.8456521739130435,0.3354838709677419,0.9608695652173912,1065,13
0.6564516129032258,0.8173913043478261,1.0,0.982608695652174,1065,2
0.6580645161290323,0.8108695652173913,1.0,0.967391304347826,1065,2
0.6725806451612903,0.8,1.0,0.9521739130434784,1065,7
0.2387096774193548,0.7847826086956522,0.4306451612903226,0.9717391304347828,1065,9
0.6967741935483871,0.7260869565217392,1.0,0.8456521739130435,1065,2
0.0,0.7086956521739131,0.2,0.9369565217391304,1065,13
0.6870967741935484,0.7,1.0,0.8260869565217391,1065,2
0.6870967741935484,0.6956521739130435,1.0,0.8108695652173913,1065,2
0.6903225806451613,0.6630434782608695,1.0,0.7891304347826087,1065,2
0.4887096774193548,0.6434782608695652,0.6645161290322581,0.808695652173913,1065,2
0.5564516129032258,0.5413043478260869,0.6758064516129032,0.65,1065,9
0.1838709677419354,0.5347826086956522,0.4,0.7347826086956522,1065,9
0.0,0.4478260869565217,0.0967741935483871,0.5978260869565217,1065,13
0.2032258064516129,0.4456521739130434,0.3919354838709677,0.6195652173913043,1065,11
0.2774193548387096,0.4217391304347826,0.4887096774193548,0.9021739130434784,1065,7
0.1387096774193548,0.2695652173913043,0.3483870967741935,0.4347826086956521,1065,13
0.6903225806451613,0.2282608695652173,1.0,0.5891304347826087,1065,9
0.6725806451612903,0.2195652173913043,1.0,0.9434782608695652,1065,7
0.1177419354838709,0.0304347826086956,0.3532258064516129,0.2565217391304348,1065,6
0.6935483870967742,0.0,0.8354838709677419,0.2,1065,5
0.0903225806451612,0.0,0.2032258064516129,0.6543478260869565,1065,6
0.2910104691982269,0.3738035857677459,0.5560386776924133,0.8991080522537231,1069,9
4.711151268566027e-05,0.5560781359672546,0.2312456667423248,0.8463483452796936,1069,8
0.7322580645161291,0.7152173913043478,1.0,0.841304347826087,1069,2
0.0258064516129032,0.6695652173913044,0.3193548387096774,0.8478260869565217,1069,8
0.3290322580645161,0.6565217391304348,0.4241935483870968,0.8608695652173913,1069,8
0.4435483870967742,0.6391304347826087,0.5435483870967742,0.8217391304347826,1069,7
0.4419354838709677,0.6,0.5516129032258065,0.7521739130434782,1069,2
0.8338709677419355,0.591304347826087,1.0,0.7478260869565218,1069,2
0.5919354838709677,0.5608695652173913,0.8145161290322581,0.6934782608695652,1069,2
0.4096774193548387,0.5130434782608696,0.5483870967741935,0.9,1069,2
0.414516129032258,0.4565217391304347,0.5516129032258065,0.6369565217391304,1069,4
0.8516129032258064,0.4347826086956521,1.0,0.5869565217391305,1069,9
0.6967741935483871,0.3782608695652174,0.8435483870967742,0.4913043478260869,1069,7
0.0,0.2130434782608695,0.1887096774193548,0.3282608695652174,1069,13
0.2919354838709677,0.2108695652173913,0.5403225806451613,0.358695652173913,1069,14
0.5161290322580645,0.1391304347826087,0.6370967741935484,0.2956521739130435,1069,5
0.3225806451612903,0.1282608695652174,0.4693548387096774,0.3239130434782609,1069,9
0.6806451612903226,0.0,0.8209677419354838,0.6217391304347826,1069,0
0.5741935483870968,0.0,0.7096774193548387,0.6,1069,7
0.2806451612903226,0.0,0.6758064516129032,0.5173913043478261,1069,6
0.3483870967741935,0.0,0.6435483870967742,0.1152173913043478,1069,5
0.1209677419354838,0.0,0.2903225806451613,0.3543478260869565,1069,6
0.0514821037650108,0.207064688205719,0.8664975762367249,0.9701038002967834,1071,9
0.0661290322580645,0.841304347826087,0.3548387096774194,0.9760869565217392,1071,13
0.0064516129032258,0.7934782608695652,0.1209677419354838,0.9021739130434784,1071,13
0.5387096774193548,0.6217391304347826,0.7741935483870968,0.8195652173913044,1071,2
0.7403225806451613,0.6086956521739131,0.9306451612903226,0.7478260869565218,1071,2
0.064516129032258,0.5652173913043478,0.2903225806451613,0.7760869565217391,1071,13
0.5193548387096775,0.4456521739130434,0.6967741935483871,0.5652173913043478,1071,2
0.3241935483870968,0.2956521739130435,0.4693548387096774,0.4108695652173913,1071,8
0.5403225806451613,0.2065217391304347,1.0,0.4739130434782608,1071,0
0.6983870967741935,0.0,0.8129032258064516,0.1347826086956521,1071,5
0.0048387096774193,0.0,0.0887096774193548,0.3239130434782609,1071,13
0.0946598052978515,0.3959532380104065,0.3728931546211242,0.8873444199562073,1079,14
0.4130723476409912,0.4309681951999664,0.5522168278694153,0.7326304316520691,1079,12
0.6183581352233887,0.4010990858078003,0.7839187383651733,0.5689687132835388,1079,12
0.8048387096774193,0.8782608695652174,0.9370967741935484,1.0,1079,12
0.7774193548387097,0.8478260869565217,0.8725806451612903,1.0,1079,12
0.1387096774193548,0.7521739130434782,0.2354838709677419,0.9760869565217392,1079,13
0.0564516129032258,0.7086956521739131,0.1532258064516129,0.85,1079,13
0.853225806451613,0.6369565217391304,1.0,0.7630434782608696,1079,12
0.1709677419354838,0.5782608695652174,0.4193548387096774,0.991304347826087,1079,2
0.6564516129032258,0.5673913043478261,0.8032258064516129,1.0,1079,2
0.9032258064516128,0.4956521739130435,1.0,0.6760869565217391,1079,11
0.6403225806451613,0.4413043478260869,0.7548387096774194,0.6260869565217392,1079,2
0.4532258064516129,0.2891304347826087,0.614516129032258,0.75,1079,12
0.8419354838709677,0.2543478260869565,0.9419354838709676,0.3891304347826086,1079,5
0.8661290322580645,0.058695652173913,1.0,0.308695652173913,1079,5
0.1370967741935483,0.0282608695652173,0.3838709677419354,0.5565217391304348,1079,14
0.7887096774193548,0.0130434782608695,0.9822580645161292,0.2369565217391304,1079,5
0.6080498695373535,0.3956016302108764,0.7737111449241638,0.6512658596038818,1081,2
0.1670408695936203,0.3176633715629577,0.2741813063621521,0.5093663334846497,1081,8
0.3108040392398834,0.2431357502937317,0.4520714581012726,0.438722550868988,1081,11
0.0008533120271749,0.0061366953887045,0.1857422143220901,0.9816297292709352,1081,13
0.7947930097579956,0.4878323376178741,0.9994716644287108,0.8816415667533875,1081,2
0.1790322580645161,0.6847826086956522,0.4241935483870968,1.0,1081,11
0.817741935483871,0.6326086956521739,1.0,0.7478260869565218,1081,9
0.8,0.5282608695652173,1.0,0.658695652173913,1081,8
0.6806451612903226,0.5108695652173914,0.7725806451612903,0.6326086956521739,1081,8
0.6274193548387097,0.4326086956521739,0.7564516129032258,0.5760869565217391,1081,12
0.1612903225806451,0.3826086956521739,0.5548387096774193,0.6782608695652174,1081,2
0.1596774193548387,0.3152173913043478,0.3064516129032258,0.458695652173913,1081,11
0.8016129032258065,0.2652173913043478,0.9580645161290322,0.4391304347826087,1081,0
0.8193548387096774,0.2521739130434782,0.9870967741935484,0.4,1081,12
0.3193548387096774,0.2521739130434782,0.4516129032258064,0.4282608695652174,1081,5
0.2112903225806451,0.1673913043478261,0.3951612903225806,0.3391304347826087,1081,4
0.4064516129032258,0.0,0.7016129032258065,0.3630434782608696,1081,5
0.4756932556629181,0.6661131978034973,0.9995784759521484,0.9910932183265686,1089,12
0.2492600530385971,0.2742539346218109,0.4212121665477752,0.8198184967041016,1089,4
0.1241935483870967,0.782608695652174,0.317741935483871,0.9739130434782608,1089,4
0.8,0.7108695652173913,1.0,0.8521739130434782,1089,12
0.8774193548387097,0.6717391304347826,1.0,0.7804347826086957,1089,12
0.5387096774193548,0.6717391304347826,0.882258064516129,0.9108695652173912,1089,13
0.2532258064516129,0.6717391304347826,0.3370967741935484,0.7956521739130434,1089,9
0.3338709677419355,0.5782608695652174,0.5,0.8282608695652174,1089,12
0.0,0.5760869565217391,0.1403225806451613,0.7847826086956522,1089,10
0.1580645161290322,0.5369565217391304,0.2854838709677419,0.7260869565217392,1089,0
0.3967741935483871,0.4369565217391304,1.0,0.6652173913043479,1089,7
0.0016129032258064,0.3891304347826086,0.2016129032258064,0.5847826086956521,1089,13
0.2870967741935484,0.3456521739130435,0.3983870967741935,0.4934782608695652,1089,12
0.0306451612903225,0.3456521739130435,0.2532258064516129,0.458695652173913,1089,13
0.3596774193548387,0.2847826086956522,0.7080645161290322,0.4717391304347826,1089,14
0.7419354838709677,0.0717391304347826,0.9016129032258065,0.2152173913043478,1089,5
0.4275476634502411,0.6131476759910583,0.5098554491996765,0.8366991877555847,109,11
0.0,0.8369565217391305,0.2096774193548387,0.95,109,8
0.1112903225806451,0.7760869565217391,0.2951612903225806,1.0,109,13
0.2967741935483871,0.6108695652173913,0.4290322580645161,0.7978260869565217,109,12
0.535483870967742,0.6021739130434782,0.8258064516129032,0.8,109,2
0.8467741935483871,0.4804347826086956,1.0,0.6695652173913044,109,12
0.0419354838709677,0.417391304347826,0.3048387096774193,0.6478260869565218,109,11
0.8983870967741936,0.3760869565217391,1.0,0.5,109,9
0.3709677419354839,0.3521739130434783,0.5467741935483871,0.5652173913043478,109,12
0.0,0.3108695652173913,0.0870967741935483,0.4434782608695652,109,11
0.2225806451612903,0.2978260869565217,0.314516129032258,0.4695652173913043,109,5
0.0,0.2434782608695652,0.5532258064516129,0.3978260869565217,109,13
0.817741935483871,0.017391304347826,0.8983870967741936,0.1456521739130434,109,8
0.7048387096774194,0.0,0.7870967741935484,0.1217391304347826,109,5
0.4161290322580645,0.0,0.5790322580645161,0.2,109,5
0.2580645161290322,0.0,0.4258064516129032,0.217391304347826,109,11
0.2903225806451613,0.0,0.3774193548387097,0.1195652173913043,109,14
0.2548387096774193,0.0,0.3516129032258064,0.1630434782608695,109,5
0.2225806451612903,0.0,0.3451612903225806,0.2021739130434782,109,5
0.7531207203865051,0.6997132301330566,0.9195348024368286,0.8898605108261108,1093,8
0.6109590530395508,0.2480494529008865,0.7236561179161072,0.7869482040405273,1093,9
0.6971731185913086,0.6441308856010437,0.868416965007782,0.8585339784622192,1093,9
0.6483870967741936,0.6869565217391305,0.7532258064516129,0.8,1093,2
0.332258064516129,0.6434782608695652,0.5258064516129032,0.7630434782608696,1093,9
0.5241935483870968,0.6217391304347826,0.6112903225806452,0.758695652173913,1093,12
0.882258064516129,0.5565217391304348,1.0,0.6673913043478261,1093,2
0.5193548387096775,0.4978260869565217,0.6080645161290322,0.65,1093,8
0.3225806451612903,0.3760869565217391,0.5209677419354839,0.6717391304347826,1093,9
0.0,0.3717391304347826,0.3064516129032258,0.7043478260869566,1093,14
0.5129032258064516,0.3652173913043478,0.6048387096774194,0.5217391304347826,1093,7
0.0887096774193548,0.3195652173913043,0.1709677419354838,0.5065217391304347,1093,13
0.2903225806451613,0.2565217391304348,0.5145161290322581,0.3891304347826086,1093,13
0.5096774193548387,0.2478260869565217,0.603225806451613,0.3760869565217391,1093,4
0.5693548387096774,0.2391304347826087,0.7112903225806452,0.7630434782608696,1093,2
0.2338709677419354,0.2282608695652173,0.6129032258064516,0.3630434782608696,1093,5
0.0096774193548387,0.1695652173913043,0.0903225806451612,0.4391304347826087,1093,13
0.7354838709677419,0.0543478260869565,0.914516129032258,0.2521739130434782,1093,5
0.7241935483870968,0.0347826086956521,0.932258064516129,0.2717391304347826,1093,0
0.4032258064516129,0.0,0.5645161290322581,0.2413043478260869,1093,5
0.3607736527919769,0.2784794867038727,0.9990625381469728,0.9801496267318726,1095,9
0.914516129032258,0.8760869565217392,1.0,1.0,1095,8
0.0596774193548387,0.8173913043478261,0.1951612903225806,0.967391304347826,1095,13
0.5983870967741935,0.8,0.7516129032258064,0.9695652173913044,1095,9
0.4919354838709677,0.7326086956521739,0.6258064516129033,0.8717391304347826,1095,7
0.8661290322580645,0.7260869565217392,1.0,0.8760869565217392,1095,9
0.7258064516129032,0.7,0.8516129032258064,0.8565217391304348,1095,2
0.3516129032258064,0.5891304347826087,0.4919354838709677,0.7282608695652174,1095,8
0.853225806451613,0.5782608695652174,0.9870967741935484,0.7195652173913043,1095,2
0.3483870967741935,0.5782608695652174,0.4370967741935483,0.6891304347826087,1095,9
0.7080645161290322,0.5695652173913044,0.8758064516129033,0.7086956521739131,1095,9
0.4403225806451613,0.5130434782608696,0.5370967741935484,0.6847826086956522,1095,7
0.0387096774193548,0.5108695652173914,0.1435483870967742,0.6456521739130435,1095,13
0.5370967741935484,0.4695652173913043,0.6209677419354839,0.5782608695652174,1095,8
0.3935483870967742,0.4217391304347826,0.8032258064516129,0.9347826086956522,1095,9
0.1790322580645161,0.3021739130434782,0.2919354838709677,0.4673913043478261,1095,4
0.6790322580645162,0.2847826086956522,0.9661290322580646,0.5608695652173913,1095,9
0.1016129032258064,0.2543478260869565,0.2274193548387096,0.4434782608695652,1095,4
0.1532258064516129,0.2108695652173913,0.3112903225806451,0.7130434782608696,1095,4
0.853225806451613,0.0,1.0,0.1891304347826087,1095,5
0.582258064516129,0.0,0.682258064516129,0.2695652173913043,1095,5
0.5096774193548387,0.0,0.5983870967741935,0.2804347826086956,1095,5
0.5645161290322581,0.782608695652174,0.6709677419354839,0.9739130434782608,110,2
0.6661290322580645,0.7717391304347826,0.7806451612903226,1.0,110,9
0.0403225806451612,0.7086956521739131,0.282258064516129,1.0,110,8
0.5387096774193548,0.6630434782608695,0.6209677419354839,0.8217391304347826,110,12
0.867741935483871,0.532608695652174,0.967741935483871,0.7195652173913043,110,0
0.6225806451612903,0.532608695652174,0.8887096774193548,0.6608695652173913,110,7
0.4838709677419355,0.5282608695652173,0.6274193548387097,0.9260869565217392,110,2
0.0,0.5130434782608696,0.2112903225806451,0.6652173913043479,110,13
0.2129032258064516,0.3565217391304348,0.3564516129032258,0.6217391304347826,110,0
0.4838709677419355,0.3478260869565217,0.6274193548387097,0.5130434782608696,110,12
0.3435483870967742,0.3456521739130435,0.4838709677419355,0.6043478260869565,110,8
0.8,0.2956521739130435,0.8887096774193548,0.532608695652174,110,7
0.0,0.2847826086956522,0.1096774193548387,0.4804347826086956,110,13
0.1774193548387097,0.2739130434782608,0.3580645161290323,0.3826086956521739,110,9
0.0,0.1934782608695652,0.6161290322580645,0.3456521739130435,110,4
0.8016129032258065,0.1,0.8919354838709678,0.2413043478260869,110,5
0.7967741935483871,0.0195652173913043,0.9161290322580644,0.1434782608695652,110,5
0.0,0.0152173913043478,0.2951612903225806,0.1521739130434782,110,8
0.1870967741935484,0.0065217391304347,0.3580645161290323,0.1282608695652174,110,5
0.2435483870967742,0.0,0.6274193548387097,0.2304347826086956,110,8
0.3,0.0,0.3935483870967742,0.1434782608695652,110,14
0.002166700316593,0.5249819159507751,0.6310152411460876,0.988457441329956,1101,2
0.4900527894496918,0.3299203217029571,0.6800631880760193,0.5920034050941467,1101,9
0.8070923089981079,0.5996107459068298,0.999448835849762,0.952215850353241,1101,9
0.0580645161290322,0.8543478260869565,0.2548387096774193,0.9652173913043478,1101,13
0.5661290322580645,0.7347826086956522,0.7451612903225806,1.0,1101,2
0.8193548387096774,0.6630434782608695,1.0,0.917391304347826,1101,2
0.5032258064516129,0.6195652173913043,0.6161290322580645,0.8869565217391304,1101,7
0.0,0.508695652173913,0.1193548387096774,0.6239130434782608,1101,13
0.6612903225806451,0.4630434782608695,1.0,0.6217391304347826,1101,2
0.0677419354838709,0.1652173913043478,0.1629032258064516,0.4304347826086956,1101,13
0.2387096774193548,0.1456521739130434,0.7741935483870968,1.0,1101,12
0.8,0.0782608695652174,1.0,0.5130434782608696,1101,9
0.4870967741935484,0.0130434782608695,0.864516129032258,0.3,1101,5
0.4758064516129032,0.0,0.882258064516129,0.5304347826086957,1101,5
0.1854902356863021,0.2694259583950043,1.0,0.9751458168029784,1104,6
0.5967741935483871,0.8434782608695652,0.7322580645161291,1.0,1104,12
0.8290322580645161,0.7717391304347826,0.9161290322580644,0.9130434782608696,1104,11
0.0387096774193548,0.758695652173913,0.2838709677419355,1.0,1104,13
0.4435483870967742,0.7391304347826086,0.6580645161290323,1.0,1104,12
0.3064516129032258,0.6891304347826087,0.4403225806451613,0.8239130434782609,1104,0
0.9,0.6456521739130435,0.9951612903225806,0.8108695652173913,1104,11
0.7193548387096774,0.6413043478260869,0.8774193548387097,0.8152173913043478,1104,12
0.5790322580645161,0.5956521739130435,0.7322580645161291,0.7108695652173913,1104,12
0.3225806451612903,0.5891304347826087,0.4758064516129032,0.7695652173913043,1104,12
0.7290322580645161,0.5760869565217391,0.8983870967741936,0.7239130434782609,1104,12
0.4935483870967742,0.5521739130434783,0.7629032258064516,0.7717391304347826,1104,12
0.2612903225806451,0.4913043478260869,0.4838709677419355,1.0,1104,7
0.3806451612903225,0.3978260869565217,0.7338709677419355,0.7521739130434782,1104,2
0.0,0.3869565217391304,0.1,0.5304347826086957,1104,3
0.4935483870967742,0.3304347826086956,0.6387096774193548,0.4869565217391304,1104,3
0.5612903225806452,0.2913043478260869,0.8919354838709678,0.591304347826087,1104,2
0.1838709677419354,0.2739130434782608,0.5741935483870968,0.5478260869565217,1104,6
0.2217462062835693,0.4986028969287872,0.3218370079994201,0.7972589731216431,1111,8
0.1539993584156036,0.4928222596645355,0.3930483162403106,0.7809029817581177,1111,2
0.6403225806451613,0.6347826086956522,0.7725806451612903,0.85,1111,12
0.5209677419354839,0.5543478260869565,0.646774193548387,0.7782608695652173,1111,2
0.0,0.532608695652174,0.1387096774193548,0.8521739130434782,1111,13
0.146774193548387,0.4347826086956521,0.4032258064516129,0.6195652173913043,1111,5
0.7967741935483871,0.2913043478260869,0.9983870967741936,0.591304347826087,1111,12
0.2290322580645161,0.2608695652173913,0.3225806451612903,0.4108695652173913,1111,14
0.4112903225806452,0.2565217391304348,0.5193548387096775,0.8217391304347826,1111,12
0.2096774193548387,0.2304347826086956,0.3483870967741935,0.4565217391304347,1111,5
0.4387096774193548,0.067391304347826,0.6290322580645161,0.5934782608695652,1111,12
0.6713337898254395,0.5156019330024719,0.7913392186164856,0.8620654344558716,1112,12
0.0014121055137366,0.0041710813529789,0.2611033916473388,0.4208675324916839,1112,5
0.6107797026634216,0.4995532035827636,0.8891367316246033,0.8270753026008606,1112,2
0.414516129032258,0.8760869565217392,0.5129032258064516,1.0,1112,2
0.4725806451612903,0.6152173913043478,0.5903225806451613,0.8782608695652174,1112,2
0.3903225806451613,0.5347826086956522,0.4870967741935484,0.7326086956521739,1112,14
0.667741935483871,0.4847826086956521,0.8951612903225806,0.6456521739130435,1112,9
0.5467741935483871,0.4717391304347826,0.682258064516129,0.7804347826086957,1112,7
0.9080645161290324,0.3173913043478261,1.0,0.7,1112,12
0.1838709677419354,0.2608695652173913,0.2790322580645161,0.6195652173913043,1112,11
0.65,0.1956521739130435,0.8370967741935483,0.4891304347826087,1112,0
0.3903225806451613,0.0782608695652174,0.4870967741935484,0.4695652173913043,1112,11
0.0,0.0,0.2645161290322581,0.4282608695652174,1112,5
0.3707247078418731,0.0874968469142913,0.4597408771514892,0.3524719774723053,1113,5
0.0,0.7673913043478261,0.1612903225806451,0.9065217391304348,1113,13
0.0,0.7086956521739131,0.4370967741935483,1.0,1113,11
0.2774193548387096,0.3804347826086957,0.4112903225806452,0.6413043478260869,1113,5
0.6403225806451613,0.1695652173913043,0.9161290322580644,0.6760869565217391,1113,12
0.7112903225806452,0.0956521739130434,0.9370967741935484,0.4260869565217391,1113,5
0.6725806451612903,0.0913043478260869,1.0,0.7869565217391304,1113,0
0.2758064516129032,0.0826086956521739,0.4629032258064516,0.2543478260869565,1113,5
0.1266697943210601,0.1812435090541839,0.9779696464538574,0.9835332036018372,1116,12
0.0225806451612903,0.5891304347826087,0.1564516129032258,0.7434782608695653,1116,13
0.1903225806451612,0.5608695652173913,0.3693548387096774,0.6717391304347826,1116,6
0.1177419354838709,0.532608695652174,0.4596774193548387,0.7847826086956522,1116,2
0.146774193548387,0.5195652173913043,0.4403225806451613,0.7673913043478261,1116,0
0.0,0.3391304347826087,0.2290322580645161,0.5130434782608696,1116,13
0.0,0.2152173913043478,0.1451612903225806,0.3434782608695652,1116,13
0.3725806451612903,0.1369565217391304,0.5564516129032258,0.4347826086956521,1116,9
0.4483870967741935,0.0695652173913043,0.6193548387096774,0.3760869565217391,1116,5
0.474765419960022,0.3337387144565582,0.9034909009933472,0.990534245967865,1119,2
0.000449776649475,0.250506728887558,0.2155756801366806,0.762056827545166,1119,13
0.289769560098648,0.3904697000980377,0.4738877713680267,0.5059707164764404,1119,9
0.6179705858230591,0.4241741001605987,0.8209668397903442,0.6925228834152222,1119,2
0.0564516129032258,0.8913043478260869,0.1725806451612903,1.0,1119,4
0.635483870967742,0.8065217391304348,0.8080645161290323,0.991304347826087,1119,9
0.0,0.7934782608695652,0.1096774193548387,0.9195652173913044,1119,4
0.0709677419354838,0.7608695652173914,0.2451612903225806,0.9021739130434784,1119,0
0.682258064516129,0.7521739130434782,0.8193548387096774,0.8739130434782608,1119,2
0.5016129032258064,0.7326086956521739,0.617741935483871,1.0,1119,12
0.4790322580645161,0.6739130434782609,0.7096774193548387,0.8956521739130435,1119,12
0.2048387096774193,0.6521739130434783,0.2870967741935484,0.8,1119,9
0.4516129032258064,0.6391304347826087,0.5661290322580645,0.7673913043478261,1119,12
0.7338709677419355,0.6217391304347826,0.8516129032258064,0.758695652173913,1119,9
0.5483870967741935,0.5521739130434783,0.7161290322580646,0.6956521739130435,1119,7
0.717741935483871,0.5434782608695652,0.8612903225806452,0.6956521739130435,1119,12
0.567741935483871,0.4282608695652174,0.6790322580645162,0.5369565217391304,1119,9
0.0,0.3630434782608696,0.1693548387096774,0.5391304347826087,1119,13
0.6419354838709678,0.358695652173913,0.7983870967741935,0.6413043478260869,1119,2
0.7096774193548387,0.35,0.8870967741935484,0.5847826086956521,1119,12
0.1064516129032258,0.2956521739130435,0.1983870967741935,0.5739130434782609,1119,13
0.2338709677419354,0.2391304347826087,0.6290322580645161,0.3478260869565217,1119,5
0.4225806451612903,0.1347826086956521,0.5935483870967742,0.2673913043478261,1119,5
0.5817392468452454,0.2145837098360061,0.8777716755867004,0.5746837258338928,1122,12
0.4584861099720001,0.3883000910282135,0.5607949495315552,0.5401243567466736,1122,9
0.393898069858551,0.2352529168128967,0.5819777846336365,0.5517153143882751,1122,9
0.1290322580645161,0.3760869565217391,0.3129032258064516,0.6673913043478261,1122,13
0.1725806451612903,0.358695652173913,0.2758064516129032,0.4934782608695652,1122,8
0.9161290322580644,0.0282608695652173,1.0,0.1478260869565217,1122,5
0.6516129032258065,0.0,0.8096774193548387,0.2130434782608695,1122,5
0.1631737798452377,0.5485329627990723,0.8009078502655029,0.9916048645973206,1123,7
0.3609786629676819,0.5613167881965637,0.466570645570755,0.6727312207221985,1123,13
0.7967741935483871,0.8760869565217392,1.0,1.0,1123,13
0.0225806451612903,0.4260869565217391,0.1774193548387097,0.9956521739130436,1123,13
0.1951612903225806,0.4108695652173913,0.5870967741935483,0.7021739130434783,1123,12
0.1258064516129032,0.1956521739130435,0.2209677419354838,0.4521739130434782,1123,6
0.0,0.1826086956521739,0.0838709677419354,0.3260869565217391,1123,13
0.5870967741935483,0.0260869565217391,0.914516129032258,0.3217391304347826,1123,8
0.390241414308548,0.4105092883110046,0.5515440106391907,0.7458183169364929,1125,11
0.0008134603267535,0.4635820388793945,0.3761221468448639,0.9786084294319152,1125,13
0.1517002135515213,0.1150989383459091,0.3600996136665344,0.326227456331253,1125,13
0.0004171133041381,0.3957193493843078,0.3860593736171722,0.984070897102356,1125,13
0.082258064516129,0.7065217391304348,0.3741935483870968,0.9739130434782608,1125,13
0.2032258064516129,0.6760869565217391,0.4161290322580645,1.0,1125,7
0.132258064516129,0.3869565217391304,0.3709677419354839,0.4978260869565217,1125,8
0.1661290322580645,0.1804347826086956,0.3,0.308695652173913,1125,13
0.1516129032258064,0.1152173913043478,0.3596774193548387,0.3173913043478261,1125,13
0.0,0.1108695652173913,0.0870967741935483,0.258695652173913,1125,13
0.4048387096774193,0.0239130434782608,0.7322580645161291,0.1326086956521739,1125,13
0.4725806451612903,0.0152173913043478,0.7467741935483871,0.4456521739130434,1125,5
0.0023193359375,0.3888303935527801,0.9969263076782228,0.9903931617736816,1133,2
0.2274193548387096,0.8760869565217392,0.3129032258064516,1.0,1133,11
0.3080645161290322,0.8347826086956521,0.5532258064516129,0.9695652173913044,1133,2
0.7532258064516129,0.7086956521739131,0.8451612903225807,0.8565217391304348,1133,2
0.5564516129032258,0.6847826086956522,0.7645161290322581,0.8,1133,2
0.3193548387096774,0.6478260869565218,0.4048387096774193,0.758695652173913,1133,2
0.8112903225806452,0.5934782608695652,0.9225806451612903,0.7021739130434783,1133,12
0.0,0.5065217391304347,0.0903225806451612,0.8456521739130435,1133,13
0.1596774193548387,0.45,0.2919354838709677,0.5673913043478261,1133,13
0.5612903225806452,0.4,0.8016129032258065,0.5847826086956521,1133,12
0.2693548387096774,0.3869565217391304,0.5387096774193548,0.5739130434782609,1133,9
0.5119993090629578,0.3404478132724762,0.7042579650878906,0.748754620552063,1137,2
0.0017923831474035,0.1982510387897491,0.5393792986869812,0.9682227969169616,1137,13
0.1693548387096774,0.782608695652174,0.3370967741935484,0.915217391304348,1137,14
0.1306451612903225,0.5891304347826087,0.2112903225806451,0.7260869565217392,1137,11
0.2725806451612903,0.4456521739130434,0.4677419354838709,0.6173913043478261,1137,12
0.65,0.258695652173913,0.9016129032258065,0.4673913043478261,1137,7
0.0225806451612903,0.2369565217391304,0.1290322580645161,0.3652173913043478,1137,11
0.0,0.1978260869565217,0.6483870967741936,0.4391304347826087,1137,5
0.3758064516129032,0.0,0.4903225806451612,0.1260869565217391,1137,5
0.3580645161290323,0.0,0.5129032258064516,0.158695652173913,1137,5
0.2209677419354838,0.0,0.314516129032258,0.1304347826086956,1137,5
0.2048387096774193,0.0,0.3354838709677419,0.1630434782608695,1137,5
0.5595011115074158,0.3106384575366974,0.9991929531097412,0.9877562522888184,1138,2
0.2154027074575424,0.2610219120979309,0.4008090198040008,0.4840918481349945,1138,11
0.2573997378349304,0.4578252136707306,0.3992332518100738,0.6845639944076538,1138,11
0.8870967741935484,0.7391304347826086,0.9935483870967742,0.8739130434782608,1138,0
0.1306451612903225,0.7391304347826086,0.2112903225806451,1.0,1138,11
0.6274193548387097,0.7065217391304348,0.7629032258064516,1.0,1138,12
0.0,0.6847826086956522,0.1532258064516129,1.0,1138,11
0.0,0.6826086956521739,0.0903225806451612,0.8260869565217391,1138,11
0.0,0.6673913043478261,0.1274193548387096,0.8543478260869565,1138,11
0.5080645161290323,0.65,0.5967741935483871,0.841304347826087,1138,12
0.1177419354838709,0.6456521739130435,0.232258064516129,1.0,1138,11
0.5596774193548387,0.3347826086956522,1.0,0.5521739130434783,1138,2
0.8129032258064516,0.3260869565217391,0.9161290322580644,0.4521739130434782,1138,12
0.0,0.0,0.1370967741935483,0.941304347826087,1138,11
0.0181778911501169,0.1608988493680954,0.9976058602333068,0.9797773957252502,1139,3
0.2709677419354839,0.5608695652173913,0.4064516129032258,0.6739130434782609,1139,11
0.0,0.3326086956521739,0.5532258064516129,0.8347826086956521,1139,3
0.5177419354838709,0.2282608695652173,1.0,0.3826086956521739,1139,12
0.214516129032258,0.2152173913043478,0.3774193548387097,0.3456521739130435,1139,5
0.5016129032258064,0.1543478260869565,1.0,0.3521739130434783,1139,12
0.914516129032258,0.6826086956521739,1.0,0.7934782608695652,1145,2
0.0451612903225806,0.6108695652173913,0.267741935483871,0.7282608695652174,1145,13
0.5774193548387097,0.5478260869565217,0.7403225806451613,0.7326086956521739,1145,9
0.1774193548387097,0.5304347826086957,0.2725806451612903,0.6413043478260869,1145,11
0.4919354838709677,0.4152173913043478,0.7951612903225806,0.5282608695652173,1145,12
0.5887096774193549,0.3565217391304348,0.7209677419354839,0.4695652173913043,1145,12
0.7887096774193548,0.2760869565217391,0.882258064516129,0.591304347826087,1145,9
0.7048387096774194,0.258695652173913,0.8032258064516129,0.3739130434782609,1145,0
0.0032258064516129,0.0804347826086956,0.1919354838709677,0.2891304347826087,1145,4
0.55,0.0739130434782608,0.65,0.2434782608695652,1145,8
0.4403225806451613,0.0652173913043478,1.0,0.8673913043478261,1145,4
0.7677419354838709,0.0391304347826087,0.8903225806451613,0.5673913043478261,1145,7
0.3419354838709677,0.0347826086956521,0.4596774193548387,0.6021739130434782,1145,0
0.5161290322580645,0.0130434782608695,0.7806451612903226,0.4413043478260869,1145,7
0.4579310119152069,0.289821058511734,0.673425555229187,0.7430745959281921,1154,9
0.5813025832176208,0.6942368149757385,0.8578787446022034,0.9913774728775024,1154,7
0.5862697958946228,0.5130988955497742,0.9987930655479432,0.8456562161445618,1154,6
0.1209677419354838,0.8195652173913044,0.2225806451612903,1.0,1154,13
0.0870967741935483,0.7717391304347826,0.2935483870967741,1.0,1154,12
0.5774193548387097,0.7347826086956522,0.8161290322580645,0.9978260869565218,1154,9
0.6548387096774193,0.5282608695652173,0.9451612903225808,0.6565217391304348,1154,0
0.1629032258064516,0.35,0.5209677419354839,0.4956521739130435,1154,6
0.5096774193548387,0.2739130434782608,0.7016129032258065,0.408695652173913,1154,14
0.1774193548387097,0.1978260869565217,0.2612903225806451,0.3217391304347826,1154,5
0.4048387096774193,0.1217391304347826,0.5129032258064516,0.2913043478260869,1154,13
0.0,0.1065217391304347,0.4661290322580645,0.3543478260869565,1154,4
0.75,0.0,1.0,0.5565217391304348,1154,9
0.5209677419354839,0.0,0.7209677419354839,0.3043478260869565,1154,5
0.3922724723815918,0.1915743350982666,0.9998836517333984,0.9718704223632812,1158,7
0.0648063644766807,0.5353398323059082,0.2852120101451874,0.6929452419281006,1158,14
0.332258064516129,0.8391304347826087,0.4790322580645161,1.0,1158,12
0.4080645161290323,0.8282608695652174,0.5161290322580645,1.0,1158,12
0.5080645161290323,0.808695652173913,0.7645161290322581,0.9782608695652174,1158,2
0.1854838709677419,0.6239130434782608,0.4096774193548387,0.7695652173913043,1158,7
0.4387096774193548,0.5565217391304348,0.8274193548387097,0.9456521739130436,1158,2
0.0,0.5521739130434783,0.146774193548387,1.0,1158,4
0.0596774193548387,0.5130434782608696,0.1919354838709677,0.6369565217391304,1158,11
0.7419354838709677,0.4,1.0,0.691304347826087,1158,2
0.6645161290322581,0.35,0.7790322580645161,0.4717391304347826,1158,14
0.5161290322580645,0.3369565217391304,0.6935483870967742,0.4913043478260869,1158,12
0.3306451612903225,0.3152173913043478,0.5935483870967742,0.6152173913043478,1158,7
0.682258064516129,0.2782608695652174,0.8951612903225806,0.4108695652173913,1158,12
0.7838709677419354,0.1913043478260869,0.970967741935484,0.3739130434782609,1158,12
0.7048387096774194,0.0847826086956521,0.8161290322580645,0.2543478260869565,1158,5
0.5788258910179138,0.5920925140380859,0.904075562953949,0.9915810823440552,116,8
0.3483870967741935,0.6956521739130435,0.4693548387096774,0.9217391304347826,116,12
0.0080645161290322,0.6326086956521739,0.2080645161290322,0.7565217391304347,116,13
0.632258064516129,0.5891304347826087,0.8241935483870968,0.7434782608695653,116,12
0.2274193548387096,0.4413043478260869,0.3209677419354839,0.5565217391304348,116,4
0.7112903225806452,0.2847826086956522,0.8564516129032258,0.6673913043478261,116,2
0.5467741935483871,0.2739130434782608,0.6306451612903226,1.0,116,7
0.3403225806451613,0.208695652173913,0.4629032258064516,0.3673913043478261,116,13
0.7064516129032258,0.1956521739130435,0.8806451612903226,0.4195652173913043,116,2
0.8709677419354839,0.1826086956521739,0.9532258064516128,0.3021739130434782,116,0
0.4677419354838709,0.108695652173913,0.6290322580645161,0.4195652173913043,116,9
0.3370967741935484,0.1,0.4532258064516129,0.2478260869565217,116,13
0.635483870967742,0.0,0.8096774193548387,0.6086956521739131,116,5
0.4693548387096774,0.0,0.6274193548387097,0.1652173913043478,116,5
0.282258064516129,0.0,0.4096774193548387,0.1543478260869565,116,5
0.1419354838709677,0.0,0.2306451612903226,0.108695652173913,116,5
0.156727597117424,0.2582799196243286,0.7202076315879822,0.8920093178749084,1160,12
0.1161290322580645,0.8913043478260869,0.2338709677419354,1.0,1160,5
0.0,0.6847826086956522,0.2177419354838709,1.0,1160,4
0.3290322580645161,0.6782608695652174,0.667741935483871,0.8260869565217391,1160,2
0.2451612903225806,0.6543478260869565,0.3612903225806451,0.8630434782608696,1160,11
0.7290322580645161,0.508695652173913,0.8338709677419355,0.8217391304347826,1160,12
0.5435483870967742,0.4913043478260869,0.6564516129032258,0.6347826086956522,1160,7
0.8209677419354838,0.4326086956521739,0.9467741935483872,0.7239130434782609,1160,2
0.0338709677419354,0.3782608695652174,0.1290322580645161,0.5369565217391304,1160,13
0.0,0.3434782608695652,0.0919354838709677,0.9391304347826088,1160,13
0.2225806451612903,0.2630434782608695,0.55,0.4108695652173913,1160,11
0.5516129032258065,0.2456521739130434,0.6951612903225807,0.3630434782608696,1160,12
0.5725806451612904,0.2043478260869565,0.7403225806451613,0.5065217391304347,1160,2
0.1564516129032258,0.1717391304347826,0.3161290322580645,0.4043478260869565,1160,13
0.7458608746528625,0.4701552987098694,0.9995130896568298,0.9876810908317566,1167,2
0.3354838709677419,0.7195652173913043,0.4193548387096774,1.0,1167,12
0.1338709677419355,0.6239130434782608,0.2467741935483871,1.0,1167,13
0.7741935483870968,0.5739130434782609,1.0,0.8130434782608695,1167,2
0.2,0.5673913043478261,0.3016129032258065,0.7847826086956522,1167,11
0.6306451612903226,0.2413043478260869,0.7290322580645161,0.3543478260869565,1167,0
0.3806451612903225,0.1847826086956521,0.532258064516129,0.3282608695652174,1167,5
0.3080645161290322,0.1847826086956521,0.4129032258064516,0.3282608695652174,1167,8
0.2193548387096774,0.1804347826086956,0.3080645161290322,0.3239130434782609,1167,13
0.7838709677419354,0.1760869565217391,0.896774193548387,0.3043478260869565,1167,5
0.8016129032258065,0.1630434782608695,0.9064516129032258,0.2891304347826087,1167,5
0.6338709677419355,0.0565217391304347,0.7290322580645161,0.3456521739130435,1167,8
0.0677419354838709,0.0,0.1596774193548387,1.0,1167,13
0.0097580906003713,0.5392765402793884,0.6613332033157349,0.9901277422904968,1171,7
0.1338709677419355,0.7847826086956522,0.567741935483871,1.0,1171,4
0.0483870967741935,0.7282608695652174,0.3161290322580645,0.8978260869565218,1171,0
0.4580645161290322,0.7108695652173913,0.6516129032258065,0.85,1171,7
0.2887096774193548,0.7086956521739131,0.5112903225806451,0.8282608695652174,1171,9
0.4596774193548387,0.65,0.8225806451612904,0.8326086956521739,1171,9
0.65,0.5869565217391305,0.8370967741935483,0.7891304347826087,1171,9
0.3290322580645161,0.558695652173913,0.4193548387096774,0.6739130434782609,1171,9
0.7693548387096775,0.4021739130434782,0.8725806451612903,0.5130434782608696,1171,7
0.3741935483870968,0.3304347826086956,0.4580645161290322,0.5695652173913044,1171,5
0.567741935483871,0.3282608695652174,0.65,0.5847826086956521,1171,7
0.2241935483870967,0.0695652173913043,0.3258064516129032,0.3304347826086956,1171,5
0.3887096774193548,0.0,0.932258064516129,0.3565217391304348,1171,0
0.2048387096774193,0.0,0.3370967741935484,0.3695652173913043,1171,13
0.0,0.0,0.1048387096774193,0.4043478260869565,1171,6
0.1341581344604492,0.3592921495437622,0.9986203908920288,0.986930012702942,1174,2
0.4354838709677419,0.6760869565217391,0.582258064516129,0.8239130434782609,1174,3
0.5290322580645161,0.6565217391304348,0.6887096774193548,0.7760869565217391,1174,2
0.0,0.5543478260869565,0.2209677419354838,0.7717391304347826,1174,13
0.3193548387096774,0.5304347826086957,0.4870967741935484,0.6652173913043479,1174,0
0.5161290322580645,0.4391304347826087,0.7322580645161291,0.5717391304347826,1174,7
0.0532258064516129,0.4304347826086956,0.1854838709677419,0.5717391304347826,1174,13
0.4532258064516129,0.4260869565217391,0.6338709677419355,0.5782608695652174,1174,2
0.3403225806451613,0.1130434782608695,0.5129032258064516,0.2847826086956522,1174,7
0.782258064516129,0.0913043478260869,1.0,0.532608695652174,1174,8
0.0,0.0826086956521739,0.082258064516129,0.3934782608695652,1174,13
0.0,0.0717391304347826,0.1241935483870967,0.4239130434782608,1174,13
0.2870967741935484,0.0391304347826087,0.5290322580645161,0.3456521739130435,1174,9
0.0,0.4131780564785003,0.9067704677581788,0.9877631068229676,1176,2
0.5258064516129032,0.8173913043478261,0.6451612903225806,0.9869565217391304,1176,2
0.3387096774193548,0.8173913043478261,0.4290322580645161,0.9543478260869566,1176,14
0.6725806451612903,0.7978260869565217,0.8951612903225806,1.0,1176,7
0.5435483870967742,0.6956521739130435,0.6564516129032258,0.8369565217391305,1176,7
0.7967741935483871,0.6652173913043479,0.9983870967741936,0.9956521739130436,1176,2
0.4241935483870968,0.5956521739130435,0.6112903225806452,0.75,1176,9
0.0709677419354838,0.3978260869565217,0.25,0.6217391304347826,1176,4
0.0096774193548387,0.2108695652173913,0.1612903225806451,0.3956521739130434,1176,5
0.0,0.1347826086956521,0.1516129032258064,0.3847826086956522,1176,13
0.8419354838709677,0.0934782608695652,0.9483870967741936,0.2239130434782608,1176,5
0.3483870967741935,0.0934782608695652,0.5145161290322581,0.2847826086956522,1176,11
0.3032258064516129,0.0434782608695652,0.5870967741935483,0.3739130434782609,1176,4
0.8145161290322581,0.0065217391304347,0.964516129032258,0.4782608695652174,1176,5
0.6159604787826538,0.5800750851631165,0.8979042172431946,0.9925727248191832,118,9
0.1668051481246948,0.6666080355644226,0.4741567373275757,0.9908251762390136,118,9
0.000413179397583,0.6660823225975037,0.2561167180538177,0.99204683303833,118,13
0.4818912744522095,0.5067832469940186,0.6592041254043579,0.8597434759140015,118,2
0.0008042812114581,0.5440074801445007,0.4816579520702362,0.7799983620643616,118,9
0.7064516129032258,0.8608695652173913,0.8838709677419355,1.0,118,0
0.8790322580645161,0.8195652173913044,0.9725806451612904,1.0,118,7
0.0661290322580645,0.7065217391304348,0.3080645161290322,0.9391304347826088,118,6
0.6274193548387097,0.6652173913043479,0.8693548387096774,0.8695652173913043,118,2
0.0,0.6413043478260869,0.4774193548387097,0.8260869565217391,118,0
0.7241935483870968,0.6369565217391304,0.917741935483871,0.85,118,9
0.0,0.4608695652173913,0.2096774193548387,0.5782608695652174,118,13
0.4129032258064516,0.3717391304347826,0.5580645161290323,0.4826086956521739,118,9
0.75,0.3108695652173913,0.853225806451613,0.5021739130434782,118,0
0.1370967741935483,0.1521739130434782,0.9112903225806452,0.6869565217391305,118,9
0.6596774193548387,0.1260869565217391,0.8032258064516129,0.2913043478260869,118,5
0.0,0.0891304347826087,0.2387096774193548,0.5891304347826087,118,6
0.867741935483871,0.0630434782608695,0.9774193548387096,0.4195652173913043,118,9
0.0,0.0543478260869565,0.1903225806451612,0.1673913043478261,118,6
0.8096774193548387,0.0478260869565217,0.9048387096774192,0.5673913043478261,118,4
0.3161290322580645,0.0,0.4725806451612903,0.2521739130434782,118,6
0.2480953782796859,0.3120089769363403,0.786281943321228,0.7513775825500488,1186,2
0.2904906272888183,0.4599345326423645,0.999102771282196,0.9836519360542296,1186,2
0.3403225806451613,0.7804347826086957,0.4467741935483871,0.9347826086956522,1186,9
0.5,0.6630434782608695,0.6854838709677419,0.782608695652174,1186,2
0.0,0.3804347826086957,0.0983870967741935,0.558695652173913,1186,11
0.3129032258064516,0.3717391304347826,1.0,0.7847826086956522,1186,2
0.6548387096774193,0.3130434782608696,0.8467741935483871,0.4739130434782608,1186,12
0.1709677419354838,0.1413043478260869,0.2580645161290322,0.5565217391304348,1186,5
0.2838709677419355,0.0195652173913043,0.4080645161290323,0.1891304347826087,1186,5
0.2725806451612903,0.0,0.4177419354838709,0.408695652173913,1186,5
0.1741935483870967,0.0,0.2661290322580645,0.5065217391304347,1186,5
0.4941937327384949,0.4106175601482391,0.9990327954292296,0.9883436560630798,1187,14
0.145957663655281,0.5738449096679688,0.46077561378479,0.9692652225494384,1187,7
0.8447357416152954,0.4077859818935394,0.9891412258148192,0.6769844889640808,1187,2
0.4774193548387097,0.8282608695652174,0.6854838709677419,1.0,1187,12
0.4241935483870968,0.8,0.5145161290322581,0.915217391304348,1187,12
0.5274193548387097,0.7760869565217391,0.7693548387096775,1.0,1187,2
0.5596774193548387,0.7456521739130435,0.7419354838709677,0.8695652173913043,1187,12
0.8193548387096774,0.7434782608695653,1.0,0.9717391304347828,1187,2
0.5919354838709677,0.7065217391304348,0.6967741935483871,0.8304347826086956,1187,12
0.5887096774193549,0.6804347826086956,0.832258064516129,1.0,1187,2
0.146774193548387,0.5739130434782609,0.3370967741935484,0.7434782608695653,1187,7
0.3758064516129032,0.4652173913043478,0.7677419354838709,0.8043478260869565,1187,12
0.3919354838709677,0.4456521739130434,0.4983870967741935,0.5826086956521739,1187,4
0.5241935483870968,0.4413043478260869,0.7725806451612903,0.5847826086956521,1187,0
0.5532258064516129,0.3152173913043478,0.7193548387096774,0.4456521739130434,1187,12
0.3951612903225806,0.0434782608695652,0.8354838709677419,0.1652173913043478,1187,14
0.3887096774193548,0.0,0.9516129032258064,0.1630434782608695,1187,14
0.0406925193965435,0.2351555675268173,0.9562285542488098,0.9834588766098022,1195,2
0.714516129032258,0.8304347826086956,0.8112903225806452,0.991304347826087,1195,9
0.3338709677419355,0.782608695652174,0.617741935483871,1.0,1195,7
0.3,0.6391304347826087,0.7129032258064516,0.8652173913043478,1195,0
0.0580645161290322,0.5891304347826087,0.1403225806451613,0.7282608695652174,1195,13
0.0758064516129032,0.5108695652173914,0.3,0.6717391304347826,1195,8
0.8241935483870968,0.508695652173913,0.9661290322580646,0.8152173913043478,1195,9
0.885483870967742,0.3195652173913043,1.0,0.4804347826086956,1195,0
0.6919354838709677,0.2630434782608695,0.8629032258064516,0.3739130434782609,1195,9
0.3048387096774193,0.1717391304347826,0.4048387096774193,0.3065217391304348,1195,5
0.0451612903225806,0.0608695652173913,0.1451612903225806,0.2065217391304347,1195,13
0.4306451612903226,0.0,0.9048387096774192,0.2478260869565217,1195,5
0.0080645161290322,0.0,0.2806451612903226,0.2260869565217391,1195,13
0.4387096774193548,0.7913043478260869,0.5516129032258065,0.982608695652174,12,9
0.682258064516129,0.7630434782608696,0.785483870967742,0.8782608695652174,12,12
0.332258064516129,0.7543478260869565,0.4209677419354838,1.0,12,9
0.646774193548387,0.7304347826086957,0.8806451612903226,0.9565217391304348,12,2
0.0,0.6978260869565217,0.1,0.8717391304347826,12,13
0.5419354838709678,0.6934782608695652,0.6403225806451613,0.8173913043478261,12,9
0.6661290322580645,0.6369565217391304,0.7919354838709678,0.8065217391304348,12,9
0.1225806451612903,0.3673913043478261,0.2548387096774193,0.7804347826086957,12,11
0.2725806451612903,0.1326086956521739,0.4048387096774193,0.8652173913043478,12,11
0.6516129032258065,0.0,0.95,0.3695652173913043,12,5
0.6435483870967742,0.0,0.7290322580645161,0.2108695652173913,12,4
0.1096774193548387,0.0,0.2983870967741935,0.1434782608695652,12,11
0.0042510507628321,0.3669615089893341,0.72651606798172,0.7211697101593018,1206,11
0.2933794558048248,0.5130730271339417,0.4147491455078125,0.6797947883605957,1206,9
0.4433661699295044,0.262206107378006,0.5506371855735779,0.3826749920845032,1206,5
0.382258064516129,0.8282608695652174,0.4919354838709677,0.941304347826087,1206,7
0.8032258064516129,0.8260869565217391,0.9612903225806452,0.9434782608695652,1206,2
0.0693548387096774,0.8152173913043478,0.3064516129032258,0.967391304347826,1206,11
0.0919354838709677,0.8108695652173913,0.3419354838709677,0.9630434782608696,1206,13
0.3790322580645161,0.7978260869565217,0.5,0.9195652173913044,1206,9
0.3790322580645161,0.7891304347826087,0.5532258064516129,0.9652173913043478,1206,2
0.082258064516129,0.7695652173913043,0.3532258064516129,0.941304347826087,1206,4
0.0806451612903225,0.7521739130434782,0.5483870967741935,0.9804347826086957,1206,9
0.0,0.6978260869565217,0.1548387096774193,0.8130434782608695,1206,13
0.885483870967742,0.6826086956521739,0.9887096774193548,0.7956521739130434,1206,2
0.1387096774193548,0.6152173913043478,0.3451612903225806,0.7913043478260869,1206,7
0.1838709677419354,0.6,0.3774193548387097,0.7869565217391304,1206,9
0.667741935483871,0.3869565217391304,0.8596774193548387,0.5521739130434783,1206,2
0.4403225806451613,0.2347826086956521,0.6580645161290323,0.3739130434782609,1206,5
0.6870967741935484,0.1934782608695652,0.8629032258064516,0.3760869565217391,1206,12
0.0,0.0326086956521739,0.1854838709677419,0.4239130434782608,1206,5
0.7925559878349304,0.436303436756134,0.9994343519210817,0.7277403473854065,1207,2
0.0907947570085525,0.1874498128890991,0.9636453986167908,0.8279556035995483,1207,11
0.8488351106643677,0.5669236183166504,0.9467379450798036,0.7246233820915222,1207,9
0.6258064516129033,0.8239130434782609,0.7096774193548387,1.0,1207,7
0.6048387096774194,0.7282608695652174,0.8725806451612903,1.0,1207,14
0.5387096774193548,0.7043478260869566,0.646774193548387,1.0,1207,2
0.5274193548387097,0.691304347826087,0.635483870967742,1.0,1207,9
0.6419354838709678,0.6739130434782609,0.7612903225806451,0.8608695652173913,1207,2
0.8564516129032258,0.6608695652173913,1.0,0.8543478260869565,1207,7
0.8032258064516129,0.6608695652173913,0.935483870967742,0.8217391304347826,1207,9
0.5838709677419355,0.6326086956521739,0.7370967741935484,0.8673913043478261,1207,9
0.3516129032258064,0.6173913043478261,0.4435483870967742,0.7956521739130434,1207,4
0.5177419354838709,0.5934782608695652,0.6193548387096774,1.0,1207,2
0.6596774193548387,0.5869565217391305,0.8258064516129032,0.7043478260869566,1207,2
0.1048387096774193,0.5608695652173913,0.3209677419354839,0.7652173913043478,1207,13
0.5451612903225806,0.5347826086956522,0.7967741935483871,0.6826086956521739,1207,9
0.8580645161290322,0.5304347826086957,0.9387096774193548,0.6413043478260869,1207,2
0.3983870967741935,0.4304347826086956,0.8387096774193549,0.6152173913043478,1207,9
0.4129032258064516,0.3130434782608696,0.8354838709677419,0.4869565217391304,1207,9
0.3290322580645161,0.0108695652173913,0.4903225806451612,0.2217391304347826,1207,5
0.6564516129032258,0.0,1.0,0.2608695652173913,1207,7
0.5112903225806451,0.0,0.6,0.2608695652173913,1207,0
0.6207854151725769,0.4687913060188293,0.8187892436981201,0.7166266441345215,1209,2
0.8607227802276611,0.6031522750854492,0.9995895624160768,0.8505324721336365,1209,14
0.2048387096774193,0.5717391304347826,0.3193548387096774,1.0,1209,9
0.4016129032258064,0.4195652173913043,0.5048387096774194,0.532608695652174,1209,4
0.8935483870967742,0.4,0.9838709677419356,0.5565217391304348,1209,12
0.1338709677419355,0.3391304347826087,0.2854838709677419,0.5695652173913044,1209,11
0.0387096774193548,0.308695652173913,0.2951612903225806,0.7152173913043478,1209,13
0.7161290322580646,0.2478260869565217,0.967741935483871,0.5826086956521739,1209,7
0.6967741935483871,0.2413043478260869,0.782258064516129,0.4108695652173913,1209,5
0.3064516129032258,0.1130434782608695,0.5161290322580645,0.7086956521739131,1209,9
0.3887096774193548,0.0260869565217391,0.7290322580645161,0.4,1209,9
0.1806451612903225,0.0,0.2935483870967741,0.4282608695652174,1209,13
0.2300754487514495,0.3942358195781708,0.656385064125061,0.7792555689811707,1217,12
0.15,0.7891304347826087,0.2548387096774193,0.9239130434782608,1217,11
0.2758064516129032,0.6282608695652174,0.5693548387096774,0.8,1217,12
0.5661290322580645,0.6152173913043478,0.6887096774193548,0.8369565217391305,1217,9
0.5596774193548387,0.4804347826086956,0.7709677419354839,0.8152173913043478,1217,2
0.3548387096774194,0.4717391304347826,0.4419354838709677,0.5978260869565217,1217,8
0.4387096774193548,0.4543478260869565,0.5983870967741935,0.5978260869565217,1217,7
0.8419354838709677,0.45,0.9241935483870968,0.5760869565217391,1217,9
0.2306451612903226,0.3956521739130434,0.6483870967741936,0.7760869565217391,1217,12
0.3209677419354839,0.1630434782608695,0.7532258064516129,0.3369565217391304,1217,5
0.1129032258064516,0.108695652173913,0.2096774193548387,0.217391304347826,1217,13
0.332258064516129,0.0804347826086956,0.5854838709677419,0.3,1217,5
0.0,0.0391304347826087,0.2435483870967742,0.6086956521739131,1217,13
0.8306451612903226,0.0,0.9564516129032258,0.991304347826087,1217,9
0.8145161290322581,0.0,0.9483870967741936,0.4652173913043478,1217,7
0.5903225806451613,0.0,0.8193548387096774,0.1608695652173913,1217,5
0.2402232736349105,0.4299532771110534,0.4622915089130401,0.792999804019928,1232,6
0.5557114481925964,0.584478497505188,0.9985806345939636,0.984631896018982,1232,2
0.3435483870967742,0.8434782608695652,0.4419354838709677,0.967391304347826,1232,8
0.3838709677419354,0.8,0.5951612903225807,0.9891304347826086,1232,2
0.8338709677419355,0.7804347826086957,0.9887096774193548,0.9543478260869566,1232,9
0.55,0.7543478260869565,0.667741935483871,0.9130434782608696,1232,2
0.0612903225806451,0.7391304347826086,0.267741935483871,1.0,1232,4
0.5661290322580645,0.6304347826086957,0.7032258064516129,0.7521739130434782,1232,7
0.1887096774193548,0.5282608695652173,0.3548387096774194,0.7021739130434783,1232,13
0.4919354838709677,0.2782608695652174,0.717741935483871,0.5065217391304347,1232,2
0.4483870967741935,0.2717391304347826,0.5290322580645161,0.5608695652173913,1232,12
0.0548387096774193,0.217391304347826,0.1354838709677419,0.5108695652173914,1232,13
0.0806451612903225,0.0130434782608695,0.4564516129032258,0.5347826086956522,1232,13
0.312343567609787,0.2649944424629211,0.9029947519302368,0.8142601847648621,1239,8
0.0006735324859619,0.5973158478736877,0.5679512619972229,0.9947165250778198,1239,4
0.2555416822433471,0.3468880653381347,0.3562795221805572,0.5076619982719421,1239,4
0.7887512445449829,0.2203855365514755,0.9996824264526368,0.5121625661849976,1239,8
0.0004060387727804,0.4217883646488189,0.1577178984880447,0.6808695793151855,1239,13
0.750063955783844,0.4717277288436889,0.9995437860488892,0.7600183486938477,1239,2
0.6301065683364868,0.1977044641971588,0.8110239505767822,0.3424348831176758,1239,9
0.1564516129032258,0.8782608695652174,0.2403225806451613,1.0,1239,8
0.6919354838709677,0.8717391304347826,0.8580645161290322,1.0,1239,8
0.5580645161290323,0.8478260869565217,0.8274193548387097,0.9847826086956522,1239,9
0.8096774193548387,0.7869565217391304,1.0,1.0,1239,9
0.5096774193548387,0.7847826086956522,0.6338709677419355,0.915217391304348,1239,0
0.2338709677419354,0.7782608695652173,0.3419354838709677,0.8913043478260869,1239,11
0.8145161290322581,0.7347826086956522,1.0,0.9108695652173912,1239,2
0.267741935483871,0.7152173913043478,0.482258064516129,0.8260869565217391,1239,12
0.1451612903225806,0.7021739130434783,0.4177419354838709,1.0,1239,8
0.1596774193548387,0.6804347826086956,0.5225806451612903,0.9630434782608696,1239,2
0.0,0.6739130434782609,0.1435483870967742,0.8195652173913044,1239,13
0.6645161290322581,0.6369565217391304,1.0,0.841304347826087,1239,9
0.132258064516129,0.6173913043478261,0.3693548387096774,0.7782608695652173,1239,11
0.0,0.5978260869565217,0.146774193548387,0.7108695652173913,1239,13
0.7532258064516129,0.591304347826087,1.0,0.7456521739130435,1239,12
0.15,0.5782608695652174,0.3548387096774194,0.691304347826087,1239,13
0.8096774193548387,0.4717391304347826,1.0,0.5826086956521739,1239,0
0.5419354838709678,0.4673913043478261,0.7564516129032258,0.6065217391304348,1239,2
0.6306451612903226,0.3956521739130434,0.7870967741935484,0.5152173913043478,1239,9
0.7612903225806451,0.3782608695652174,0.8774193548387097,0.5282608695652173,1239,9
0.4564516129032258,0.3282608695652174,0.6580645161290323,0.45,1239,9
0.0,0.2934782608695652,0.4564516129032258,0.5043478260869565,1239,4
0.8016129032258065,0.2391304347826087,0.8951612903225806,0.35,1239,9
0.632258064516129,0.0,0.75,0.3152173913043478,1239,0
0.5112903225806451,0.0,0.6064516129032258,0.3456521739130435,1239,5
0.4693548387096774,0.0,0.5548387096774193,0.2195652173913043,1239,5
0.3677419354838709,0.0,0.4693548387096774,0.1369565217391304,1239,13
0.0,0.0,0.2451612903225806,0.3347826086956522,1239,8
0.8790322580645161,0.8630434782608696,1.0,1.0,124,8
0.0,0.8565217391304348,0.1306451612903225,1.0,124,13
0.6096774193548387,0.7847826086956522,1.0,0.941304347826087,124,9
0.1,0.6173913043478261,1.0,0.8195652173913044,124,2
0.7048387096774194,0.6043478260869565,0.8516129032258064,0.7608695652173914,124,2
0.2741935483870967,0.5695652173913044,0.4064516129032258,0.691304347826087,124,4
0.5629032258064516,0.5434782608695652,0.7048387096774194,0.7282608695652174,124,12
0.6967741935483871,0.5130434782608696,0.8387096774193549,0.6369565217391304,124,9
0.1306451612903225,0.3108695652173913,0.35,0.6173913043478261,124,13
0.8241935483870968,0.2847826086956522,1.0,0.408695652173913,124,7
0.3854838709677419,0.0847826086956521,0.6790322580645162,0.4913043478260869,124,9
0.4048387096774193,0.0326086956521739,0.6661290322580645,0.2804347826086956,124,0
0.1290322580645161,0.0021739130434782,0.3741935483870968,0.4717391304347826,124,13
0.8709677419354839,0.0,1.0,0.1326086956521739,124,5
0.7048387096774194,0.0,1.0,0.2673913043478261,124,5
0.0989507213234901,0.4725808203220367,0.5977200269699097,0.9883685111999512,1245,2
0.4554323256015777,0.4322069883346557,0.9002007246017456,0.9951021671295166,1245,2
0.737510621547699,0.6188673377037048,0.999458372592926,0.988690972328186,1245,2
0.2637162804603576,0.4199023842811584,0.4778434932231903,0.6566173434257507,1245,0
0.8706657886505127,0.3384542763233185,0.999440848827362,0.532610297203064,1245,12
0.6761693358421326,0.8094193339347839,0.8092290163040161,0.926852524280548,1245,9
0.7096774193548387,0.8913043478260869,0.9306451612903226,1.0,1245,9
0.5241935483870968,0.8043478260869565,0.7016129032258065,0.9217391304347826,1245,9
0.6838709677419355,0.7978260869565217,0.8112903225806452,1.0,1245,9
0.1274193548387096,0.7739130434782608,0.2225806451612903,0.9717391304347828,1245,9
0.6112903225806452,0.7391304347826086,0.6983870967741935,0.9108695652173912,1245,9
0.7596774193548387,0.6978260869565217,0.9032258064516128,0.8173913043478261,1245,9
0.5370967741935484,0.6717391304347826,0.6274193548387097,0.7956521739130434,1245,2
0.5435483870967742,0.6043478260869565,0.6612903225806451,0.7369565217391304,1245,9
0.682258064516129,0.558695652173913,0.885483870967742,0.6956521739130435,1245,2
0.1064516129032258,0.5478260869565217,0.2564516129032258,0.7217391304347827,1245,3
0.146774193548387,0.5434782608695652,0.3854838709677419,0.9130434782608696,1245,12
0.014516129032258,0.4521739130434782,0.15,0.8847826086956522,1245,11
0.5193548387096775,0.4152173913043478,0.6258064516129033,0.5478260869565217,1245,9
0.8661290322580645,0.3391304347826087,1.0,0.5347826086956522,1245,12
0.1693548387096774,0.25,0.282258064516129,0.5021739130434782,1245,11
0.146774193548387,0.2326086956521739,0.2532258064516129,0.3456521739130435,1245,3
0.0,0.2065217391304347,0.132258064516129,0.4630434782608695,1245,13
0.7435483870967742,0.1782608695652174,1.0,0.5717391304347826,1245,12
0.4370967741935483,0.1717391304347826,0.617741935483871,0.4130434782608695,1245,5
0.3483870967741935,0.1543478260869565,0.7032258064516129,0.5173913043478261,1245,5
0.0,0.067391304347826,0.1096774193548387,0.1826086956521739,1245,5
0.0596774193548387,0.0630434782608695,0.3903225806451613,0.4326086956521739,1245,5
0.0,0.0369565217391304,0.3306451612903225,0.3630434782608696,1245,5
0.8451612903225807,0.0,1.0,0.1760869565217391,1245,5
0.3612226843833923,0.4811222553253174,0.4934858381748199,0.6258922815322876,1251,0
0.000464916229248,0.6711360216140747,0.2511625587940216,0.8988667130470276,1251,8
0.374168336391449,0.7279353737831116,0.82289057970047,1.0,1251,2
0.3741935483870968,0.8847826086956522,0.6258064516129033,1.0,1251,12
0.6564516129032258,0.8391304347826087,0.7419354838709677,1.0,1251,2
0.0403225806451612,0.8282608695652174,0.3048387096774193,1.0,1251,13
0.6048387096774194,0.7369565217391304,0.7274193548387097,0.8543478260869565,1251,12
0.5016129032258064,0.4782608695652174,0.6951612903225807,0.6043478260869565,1251,12
0.7903225806451613,0.417391304347826,0.9129032258064516,0.6304347826086957,1251,12
0.7725806451612903,0.3630434782608696,0.9612903225806452,0.9,1251,2
0.2209677419354838,0.3347826086956522,0.3580645161290323,0.4521739130434782,1251,8
0.3596774193548387,0.3260869565217391,0.6951612903225807,0.6043478260869565,1251,12
0.2096774193548387,0.2717391304347826,0.7306451612903225,0.6630434782608695,1251,0
0.1693548387096774,0.0869565217391304,0.2709677419354839,0.2,1251,5
0.7290322580645161,0.0717391304347826,0.8241935483870968,0.2847826086956522,1251,5
0.0661290322580645,0.0,0.3451612903225806,0.2565217391304348,1251,5
0.2164560407400131,0.6304954886436462,0.9946988821029664,0.9992008209228516,1253,2
0.3247134387493133,0.6454727053642273,0.997953236103058,0.9293619990348816,1253,2
0.8016129032258065,0.8239130434782609,0.9919354838709676,1.0,1253,9
0.3419354838709677,0.6956521739130435,0.5435483870967742,0.8913043478260869,1253,12
0.2306451612903226,0.691304347826087,0.3709677419354839,0.9978260869565218,1253,4
0.4370967741935483,0.6608695652173913,0.8145161290322581,0.9260869565217392,1253,2
0.2209677419354838,0.5869565217391305,0.9758064516129032,0.6956521739130435,1253,9
0.3693548387096774,0.4282608695652174,0.4596774193548387,0.5695652173913044,1253,13
0.5903225806451613,0.4,0.8435483870967742,0.5760869565217391,1253,9
0.4661290322580645,0.3152173913043478,0.6016129032258064,0.5695652173913044,1253,14
0.3129032258064516,0.2913043478260869,0.4612903225806452,0.4956521739130435,1253,5
0.1274193548387096,0.2304347826086956,0.7870967741935484,0.8760869565217392,1253,3
0.7,0.208695652173913,0.8516129032258064,0.35,1253,5
0.75,0.1760869565217391,0.9806451612903224,0.2978260869565217,1253,5
0.8193548387096774,0.0652173913043478,1.0,0.2195652173913043,1253,5
0.8145161290322581,0.0608695652173913,1.0,0.2739130434782608,1253,5
0.0919354838709677,0.0021739130434782,0.5096774193548387,0.1652173913043478,1253,3
0.0903225806451612,0.0021739130434782,0.4096774193548387,0.1152173913043478,1253,3
0.6709677419354839,0.0,0.7903225806451613,0.108695652173913,1253,5
0.5016129032258064,0.0,0.5919354838709677,0.1130434782608695,1253,5
0.4677419354838709,0.808695652173913,0.5709677419354838,0.9347826086956522,1256,12
0.7629032258064516,0.5173913043478261,0.9048387096774192,0.6804347826086956,1256,14
0.3129032258064516,0.4673913043478261,0.4241935483870968,0.6391304347826087,1256,8
0.1870967741935484,0.4347826086956521,0.314516129032258,0.7347826086956522,1256,4
0.3096774193548387,0.3434782608695652,0.4274193548387097,0.5434782608695652,1256,4
0.782258064516129,0.2695652173913043,0.8951612903225806,0.3934782608695652,1256,7
0.7693548387096775,0.25,0.85,0.4065217391304347,1256,12
0.7596774193548387,0.2434782608695652,0.9112903225806452,0.4239130434782608,1256,7
0.0,0.1847826086956521,0.1725806451612903,0.3195652173913043,1256,13
0.5387096774193548,0.1695652173913043,0.6580645161290323,0.9065217391304348,1256,2
0.317741935483871,0.1543478260869565,0.4629032258064516,0.3108695652173913,1256,11
0.5854838709677419,0.0260869565217391,0.6661290322580645,0.1521739130434782,1256,5
0.5725806451612904,0.0021739130434782,0.8870967741935484,0.9782608695652174,1256,2
0.5016129032258064,0.0,0.6580645161290323,0.1695652173913043,1256,5
0.3729400932788849,0.178403839468956,0.682288408279419,0.9951291680336,126,12
0.6436372995376587,0.2865268886089325,0.7537747025489807,0.4812211096286773,126,9
0.6775213479995728,0.6503070592880249,0.8607724905014038,0.9928550124168396,126,12
0.7274193548387097,0.7347826086956522,0.8564516129032258,1.0,126,7
0.7338709677419355,0.7065217391304348,0.8306451612903226,0.8608695652173913,126,9
0.4387096774193548,0.6608695652173913,0.5564516129032258,0.9804347826086957,126,11
0.1629032258064516,0.6065217391304348,0.2516129032258064,0.717391304347826,126,13
0.382258064516129,0.4673913043478261,0.7516129032258064,0.6304347826086957,126,12
0.4467741935483871,0.3739130434782609,0.6258064516129033,0.5826086956521739,126,8
0.4032258064516129,0.3021739130434782,0.5370967741935484,0.4369565217391304,126,8
0.4725806451612903,0.2391304347826087,0.5548387096774193,0.3652173913043478,126,5
0.1225806451612903,0.1956521739130435,0.2548387096774193,0.8760869565217392,126,8
0.6790322580645162,0.0326086956521739,0.932258064516129,0.3195652173913043,126,5
0.3758064516129032,0.0,0.6225806451612903,0.2760869565217391,126,5
0.3709677419354839,0.0,0.5064516129032258,1.0,126,12
0.3954397439956665,0.3958021402359009,0.938401460647583,0.9848310351371764,1269,7
0.0002264380455017,0.5151726603507996,0.1323946565389633,0.6583878993988037,1269,13
0.8435483870967742,0.8717391304347826,0.9951612903225806,1.0,1269,11
0.532258064516129,0.8695652173913043,0.632258064516129,1.0,1269,9
0.7,0.8065217391304348,0.7951612903225806,0.9760869565217392,1269,12
0.4806451612903226,0.7978260869565217,0.6080645161290322,0.9108695652173912,1269,12
0.2209677419354838,0.6695652173913044,0.4887096774193548,0.9304347826086956,1269,8
0.0967741935483871,0.6673913043478261,0.267741935483871,0.8695652173913043,1269,13
0.582258064516129,0.5847826086956521,0.6645161290322581,0.741304347826087,1269,2
0.7193548387096774,0.4891304347826087,0.8048387096774193,0.6521739130434783,1269,9
0.2806451612903226,0.3956521739130434,0.8838709677419355,0.5804347826086956,1269,8
0.0338709677419354,0.3804347826086957,0.1161290322580645,0.5195652173913043,1269,14
0.1209677419354838,0.1760869565217391,0.3741935483870968,0.4369565217391304,1269,7
0.6306451612903226,0.1043478260869565,0.7225806451612903,0.3065217391304348,1269,8
0.2016129032258064,0.0760869565217391,0.3790322580645161,0.2065217391304347,1269,6
0.0,0.0739130434782608,0.0951612903225806,0.2043478260869565,1269,13
0.4112903225806452,0.058695652173913,0.5580645161290323,0.1826086956521739,1269,5
0.7725806451612903,0.0,0.9016129032258065,0.3173913043478261,1269,8
0.6080645161290322,0.0,0.7338709677419355,0.3152173913043478,1269,14
0.3122055232524872,0.7965803742408752,0.4956871271133423,0.9967606663703918,127,8
0.6933838129043579,0.6234201192855835,0.9015156626701356,0.8337489366531372,127,12
0.3193548387096774,0.8021739130434783,0.4677419354838709,0.9521739130434784,127,7
0.2935483870967741,0.7434782608695653,0.6241935483870967,1.0,127,9
0.0370967741935483,0.7282608695652174,0.2209677419354838,1.0,127,6
0.2580645161290322,0.7260869565217392,0.5854838709677419,1.0,127,0
0.0,0.717391304347826,0.5403225806451613,1.0,127,9
0.6274193548387097,0.7021739130434783,1.0,0.8695652173913043,127,14
0.2887096774193548,0.6,0.6096774193548387,0.7369565217391304,127,8
0.3451612903225806,0.5934782608695652,0.5064516129032258,0.7043478260869566,127,12
0.1451612903225806,0.5152173913043478,0.2516129032258064,0.7,127,11
0.582258064516129,0.4565217391304347,0.8,0.6282608695652174,127,12
0.7129032258064516,0.2108695652173913,0.9758064516129032,0.3195652173913043,127,5
0.7451612903225806,0.067391304347826,0.885483870967742,0.2130434782608695,127,5
0.7258064516129032,0.0,0.9161290322580644,0.2630434782608695,127,5
0.5451612903225806,0.0,0.7209677419354839,0.3934782608695652,127,5
0.5306451612903226,0.0,0.6919354838709677,0.3717391304347826,127,5
0.5709677419354838,0.0,0.6548387096774193,0.2978260869565217,127,5
0.5532258064516129,0.0,0.6709677419354839,0.3347826086956522,127,5
0.3298614919185638,0.3013617098331451,0.4152163565158844,0.4728236198425293,1278,11
0.3780127763748169,0.3802977502346039,0.9994957447052002,0.9855703711509703,1278,2
0.4760381281375885,0.1600730270147323,0.5594474673271179,0.3061120212078094,1278,0
0.000911557697691,0.7068615555763245,0.1361294835805893,0.9953031539916992,1278,4
0.8624234795570374,0.1521565169095993,0.9993798732757568,0.437023252248764,1278,12
0.2096723765134811,0.6861703991889954,0.9038463830947876,0.9908957481384276,1278,2
0.3612903225806451,0.8913043478260869,0.7483870967741936,1.0,1278,12
0.2903225806451613,0.8826086956521739,0.382258064516129,1.0,1278,0
0.0,0.8804347826086957,0.1193548387096774,1.0,1278,13
0.7387096774193549,0.8239130434782609,0.8419354838709677,1.0,1278,7
0.0,0.7543478260869565,0.1177419354838709,0.95,1278,14
0.0,0.7086956521739131,0.1338709677419355,1.0,1278,4
0.2161290322580645,0.6847826086956522,0.9096774193548388,1.0,1278,2
0.0,0.5847826086956521,0.1870967741935484,0.717391304347826,1278,13
0.682258064516129,0.5760869565217391,0.7725806451612903,0.6891304347826087,1278,8
0.6967741935483871,0.4673913043478261,0.7903225806451613,0.5847826086956521,1278,7
0.3919354838709677,0.3804347826086957,0.5596774193548387,0.5565217391304348,1278,14
0.8467741935483871,0.2130434782608695,0.9387096774193548,0.591304347826087,1278,11
0.7693548387096775,0.15,0.8693548387096774,0.5391304347826087,1278,14
0.8903225806451613,0.0369565217391304,1.0,0.2304347826086956,1278,8
0.0,0.0195652173913043,0.2129032258064516,0.532608695652174,1278,13
0.6080645161290322,0.0,0.8758064516129033,0.4869565217391304,1278,0
0.3080645161290322,0.0,0.4177419354838709,0.4673913043478261,1278,5
0.5727929472923279,0.3190724849700928,0.6941884160041809,0.4933166205883026,1280,9
0.7188219428062439,0.3285858631134033,0.8595206141471863,0.5521942973136902,1280,8
0.91366046667099,0.1892016679048538,0.999441146850586,0.327647864818573,1280,5
0.0359089858829975,0.3448085188865661,0.5033054351806641,0.8411741852760315,1280,4
0.1353059411048889,0.3423793315887451,0.5142615437507629,0.5406331419944763,1280,11
0.7532258064516129,0.7217391304347827,0.85,0.8673913043478261,1280,7
0.2935483870967741,0.6934782608695652,0.5387096774193548,0.8282608695652174,1280,3
0.832258064516129,0.6086956521739131,0.920967741935484,0.7260869565217392,1280,12
0.0,0.5673913043478261,0.0838709677419354,0.8673913043478261,1280,11
0.317741935483871,0.5391304347826087,0.6161290322580645,0.6608695652173913,1280,12
0.4580645161290322,0.4478260869565217,0.6129032258064516,0.5826086956521739,1280,0
0.5016129032258064,0.3847826086956522,0.6596774193548387,0.5413043478260869,1280,12
0.1387096774193548,0.3739130434782609,0.3532258064516129,0.508695652173913,1280,11
0.5758064516129032,0.3195652173913043,0.8596774193548387,0.5217391304347826,1280,2
0.9129032258064516,0.1891304347826087,1.0,0.3173913043478261,1280,11
0.1629032258064516,0.1304347826086956,0.2516129032258064,0.3043478260869565,1280,13
0.7435483870967742,0.1,0.8774193548387097,0.308695652173913,1280,5
0.2209677419354838,0.0434782608695652,0.5209677419354839,0.4543478260869565,1280,5
0.917741935483871,0.0391304347826087,1.0,0.2021739130434782,1280,5
0.1387096774193548,0.017391304347826,0.2645161290322581,0.3739130434782609,1280,6
0.0006025552866049,0.4066734313964844,0.2806565463542938,0.9112155437469482,1281,13
0.2388077825307846,0.3683527112007141,0.5317822694778442,0.5247325301170349,1281,9
0.7275753617286682,0.4368910491466522,0.8872352838516235,0.8043634295463562,1281,2
0.8309258222579956,0.454668790102005,0.999911904335022,0.9761439561843872,1281,2
0.7828138470649719,0.3094530403614044,0.9995881915092468,0.5732424259185791,1281,9
0.0048387096774193,0.7565217391304347,0.0951612903225806,0.9021739130434784,1281,13
0.4580645161290322,0.75,0.5903225806451613,0.8586956521739131,1281,2
0.6758064516129032,0.6760869565217391,0.7612903225806451,0.7869565217391304,1281,7
0.282258064516129,0.6369565217391304,0.4677419354838709,0.7978260869565217,1281,9
0.7274193548387097,0.6304347826086957,0.8935483870967742,0.8239130434782609,1281,2
0.8709677419354839,0.5173913043478261,0.9822580645161292,0.7043478260869566,1281,14
0.0,0.3695652173913043,0.617741935483871,0.5304347826086957,1281,13
0.8516129032258064,0.3630434782608696,1.0,0.4717391304347826,1281,6
0.7,0.1413043478260869,0.7806451612903226,0.5152173913043478,1281,12
0.2983870967741935,0.1391304347826087,0.4354838709677419,0.2760869565217391,1281,5
0.7354838709677419,0.1326086956521739,1.0,0.4347826086956521,1281,9
0.2758064516129032,0.0,0.6580645161290323,0.4434782608695652,1281,5
0.0048387096774193,0.0,0.0854838709677419,0.3,1281,13
0.3199593722820282,0.3384160995483398,0.5754330158233643,0.6389279365539551,1287,9
0.2702484428882599,0.5111852288246155,0.9973957538604736,0.9885370135307312,1287,2
0.0006098508602008,0.0,0.1314381211996078,0.2445796728134155,1287,6
0.717741935483871,0.8630434782608696,0.8145161290322581,0.9782608695652174,1287,2
0.3193548387096774,0.7913043478260869,0.5483870967741935,0.9304347826086956,1287,11
0.182258064516129,0.7521739130434782,0.4274193548387097,0.8804347826086957,1287,8
0.0596774193548387,0.6673913043478261,0.4032258064516129,0.8543478260869565,1287,11
0.4306451612903226,0.6239130434782608,0.5258064516129032,0.75,1287,9
0.0,0.5347826086956522,0.3661290322580645,0.9956521739130436,1287,13
0.4516129032258064,0.3369565217391304,0.9629032258064516,0.7,1287,9
0.0,0.3369565217391304,0.1354838709677419,0.5434782608695652,1287,13
0.1516129032258064,0.1456521739130434,0.2774193548387096,0.2978260869565217,1287,3
0.7629032258064516,0.0717391304347826,0.9290322580645162,0.2369565217391304,1287,5
0.7532258064516129,0.0630434782608695,0.9403225806451612,0.2456521739130434,1287,5
0.3709677419354839,0.0021739130434782,0.4596774193548387,0.3413043478260869,1287,0
0.0,0.0,0.4,0.6086956521739131,1287,6
0.0,0.0,0.1338709677419355,0.2434782608695652,1287,6
0.000731992709916,0.3462473452091217,0.4012187123298645,0.759412407875061,1290,0
0.6221389770507812,0.2566249966621399,0.8065738677978516,0.4722433686256408,1290,4
0.8322792053222656,0.2722910046577453,0.994562566280365,0.5955319404602051,1290,8
0.0007446527597494,0.6346824169158936,0.3758585453033447,0.9896138310432434,1290,4
0.4208370447158813,0.4547500312328338,0.5972291827201843,0.6608741879463196,1290,0
0.7510905861854553,0.4522648453712463,0.9992934465408324,0.9858490824699402,1290,2
0.2596774193548387,0.8434782608695652,0.3564516129032258,1.0,1290,7
0.414516129032258,0.8108695652173913,0.6290322580645161,0.9456521739130436,1290,12
0.8080645161290323,0.6934782608695652,1.0,0.915217391304348,1290,7
0.7903225806451613,0.6282608695652174,0.9387096774193548,0.7630434782608696,1290,12
0.8016129032258065,0.4152173913043478,1.0,0.6130434782608696,1290,9
0.0,0.4043478260869565,0.4419354838709677,0.8913043478260869,1290,0
0.0274193548387096,0.3739130434782609,0.1774193548387097,0.5391304347826087,1290,4
0.5112903225806451,0.2565217391304348,0.8338709677419355,0.7717391304347826,1290,12
0.4016129032258064,0.1695652173913043,0.5193548387096775,0.4652173913043478,1290,5
0.5112903225806451,0.1195652173913043,0.6096774193548387,0.5521739130434783,1290,5
0.4370967741935483,0.0543478260869565,0.5403225806451613,0.4282608695652174,1290,11
0.4225806451612903,0.0239130434782608,0.5532258064516129,0.4565217391304347,1290,5
0.0,0.008695652173913,0.1,0.258695652173913,1290,0
0.1022462844848632,0.3777552843093872,0.7907205820083618,0.9869821667671204,1295,12
0.1888551712036132,1.9473614884191196e-05,0.473428338766098,0.4443696439266205,1295,5
0.5274193548387097,0.7195652173913043,0.6967741935483871,1.0,1295,9
0.5806451612903226,0.6891304347826087,0.6887096774193548,0.8369565217391305,1295,2
0.146774193548387,0.5695652173913044,0.5064516129032258,0.7369565217391304,1295,9
0.35,0.5217391304347826,0.7064516129032258,0.7217391304347827,1295,12
0.0,0.4521739130434782,0.0854838709677419,0.9695652173913044,1295,5
0.0419354838709677,0.4391304347826087,0.2225806451612903,0.9521739130434784,1295,5
0.5274193548387097,0.4065217391304347,0.785483870967742,0.6239130434782608,1295,9
0.5870967741935483,0.391304347826087,0.8048387096774193,1.0,1295,2
0.2080645161290322,0.35,0.6,0.5173913043478261,1295,8
0.05,0.3391304347826087,0.1338709677419355,0.7260869565217392,1295,5
0.832258064516129,0.1152173913043478,1.0,0.5239130434782608,1295,7
0.5145161290322581,0.0195652173913043,0.6967741935483871,0.2543478260869565,1295,0
0.0193548387096774,0.0065217391304347,0.1338709677419355,0.2478260869565217,1295,5
0.1129032258064516,0.0,0.1951612903225806,0.4826086956521739,1295,11
0.0,0.0,0.1209677419354838,0.2695652173913043,1295,5
0.9000477194786072,0.2374344319105148,0.999470591545105,0.412370353937149,1300,5
0.0206413995474576,0.1188603267073631,0.3104778528213501,0.7223937511444092,1300,11
0.5243293046951294,0.4671424925327301,0.7421665191650391,0.7600469589233398,1300,2
0.211763247847557,0.4141310751438141,0.431265264749527,0.7399628162384033,1300,12
0.2566997110843658,0.5836844444274902,0.3677122890949249,0.7400431632995605,1300,2
0.2217403054237365,0.4156948626041412,0.4149147272109985,0.5627087354660034,1300,12
0.8048387096774193,0.8717391304347826,0.885483870967742,1.0,1300,9
0.1112903225806451,0.7695652173913043,0.4451612903225806,0.9130434782608696,1300,13
0.2451612903225806,0.5978260869565217,0.4435483870967742,0.7913043478260869,1300,9
0.2967741935483871,0.4956521739130435,0.4338709677419355,0.6086956521739131,1300,9
0.4,0.4717391304347826,0.5145161290322581,0.6739130434782609,1300,9
0.1774193548387097,0.3826086956521739,0.2854838709677419,0.5434782608695652,1300,11
0.3451612903225806,0.358695652173913,0.4951612903225806,0.4956521739130435,1300,0
0.032258064516129,0.2804347826086956,0.2225806451612903,0.5608695652173913,1300,11
0.9048387096774192,0.2434782608695652,1.0,0.3956521739130434,1300,5
0.1564516129032258,0.0826086956521739,0.2887096774193548,0.1956521739130435,1300,5
0.5145161290322581,0.0,0.7338709677419355,0.7630434782608696,1300,0
0.3225806451612903,0.0,0.4758064516129032,0.4434782608695652,1300,4
0.0112903225806451,0.0,0.164516129032258,0.1195652173913043,1300,5
